Framework,Condition,Subject ID,surf_type,Hemisphere,GNNLayers,Epoch,Metric,Label,Score,Total Triangles
freesurfercsrp,d,200008,gm,lh,8,400,Macro Dice,,0.9135403896378933,
freesurfercsrp,d,200008,wm,lh,8,350,Macro Dice,,0.923156041626258,
freesurfercsrp,d,200008,gm,rh,8,360,Macro Dice,,0.9360424265800704,
freesurfercsrp,d,200008,wm,rh,8,401,Macro Dice,,0.9426600505273804,
freesurfercsrp,d,200917,gm,lh,8,400,Macro Dice,,0.9079309204806468,
freesurfercsrp,d,201111,gm,lh,8,400,Macro Dice,,0.899103304536104,
freesurfercsrp,d,200109,gm,lh,8,400,Macro Dice,,0.9318726795289852,
freesurfercsrp,d,201818,gm,lh,8,400,Macro Dice,,0.92383422518315,
freesurfercsrp,d,201717,gm,lh,8,400,Macro Dice,,0.9171648862552154,
freesurfercsrp,d,200917,wm,lh,8,350,Macro Dice,,0.9097535948188629,
freesurfercsrp,d,200311,gm,lh,8,400,Macro Dice,,0.9324212940531973,
freesurfercsrp,d,201515,gm,lh,8,400,Macro Dice,,0.9052114043905624,
freesurfercsrp,d,201111,wm,lh,8,350,Macro Dice,,0.9123459125878038,
freesurfercsrp,d,200614,gm,lh,8,400,Macro Dice,,0.9131041564906166,
freesurfercsrp,d,200109,wm,lh,8,350,Macro Dice,,0.9409718434857185,
freesurfercsrp,d,201818,wm,lh,8,350,Macro Dice,,0.9238702887450168,
freesurfercsrp,d,201414,gm,lh,8,400,Macro Dice,,0.9210353771229431,
freesurfercsrp,d,201717,wm,lh,8,350,Macro Dice,,0.9169022759406815,
freesurfercsrp,d,200917,gm,rh,8,360,Macro Dice,,0.9154657777948594,
freesurfercsrp,d,200311,wm,lh,8,350,Macro Dice,,0.940260009448114,
freesurfercsrp,d,200210,gm,lh,8,400,Macro Dice,,0.9228681886725718,
freesurfercsrp,d,201515,wm,lh,8,350,Macro Dice,,0.9095657720053214,
freesurfercsrp,d,201111,gm,rh,8,360,Macro Dice,,0.9118681601321984,
freesurfercsrp,d,200614,wm,lh,8,350,Macro Dice,,0.9169295841136634,
freesurfercsrp,d,201818,gm,rh,8,360,Macro Dice,,0.9086726430558828,
freesurfercsrp,d,201414,wm,lh,8,350,Macro Dice,,0.9230539566285844,
freesurfercsrp,d,200109,gm,rh,8,360,Macro Dice,,0.9178156724036364,
freesurfercsrp,d,200917,wm,rh,8,401,Macro Dice,,0.9179151555484846,
freesurfercsrp,d,201717,gm,rh,8,360,Macro Dice,,0.9148727220783036,
freesurfercsrp,d,200311,gm,rh,8,360,Macro Dice,,0.9257402094939703,
freesurfercsrp,d,200210,wm,lh,8,350,Macro Dice,,0.9255079953278387,
freesurfercsrp,d,201515,gm,rh,8,360,Macro Dice,,0.9314373622019506,
freesurfercsrp,d,201111,wm,rh,8,401,Macro Dice,,0.9168084168783637,
freesurfercsrp,d,201818,wm,rh,8,401,Macro Dice,,0.908325938354279,
freesurfercsrp,d,200614,gm,rh,8,360,Macro Dice,,0.9166444779079392,
freesurfercsrp,d,201414,gm,rh,8,360,Macro Dice,,0.9294890384858957,
freesurfercsrp,d,200109,wm,rh,8,401,Macro Dice,,0.9227178666362785,
freesurfercsrp,d,201717,wm,rh,8,401,Macro Dice,,0.9259511458211138,
freesurfercsrp,d,200311,wm,rh,8,401,Macro Dice,,0.92349989697572,
freesurfercsrp,d,201515,wm,rh,8,401,Macro Dice,,0.9387234974999824,
freesurfercsrp,d,200614,wm,rh,8,401,Macro Dice,,0.9181962354429268,
freesurfercsrp,d,201414,wm,rh,8,401,Macro Dice,,0.9307327373206316,
freesurfercsrp,d,200210,gm,rh,8,360,Macro Dice,,0.9273792956572375,
freesurfercsrp,d,200210,wm,rh,8,401,Macro Dice,,0.9309053460759742,
freesurfercsrp,d,204521,gm,lh,8,400,Macro Dice,,0.9361032763276199,
freesurfercsrp,d,204319,gm,lh,8,400,Macro Dice,,0.9304640802258717,
freesurfercsrp,d,202719,gm,lh,8,400,Macro Dice,,0.9288905523085097,
freesurfercsrp,d,202113,gm,lh,8,400,Macro Dice,,0.9309529984799109,
freesurfercsrp,d,203721,gm,lh,8,400,Macro Dice,,0.9184472164419872,
freesurfercsrp,d,204016,gm,lh,8,400,Macro Dice,,0.9259211728048982,
freesurfercsrp,d,203923,gm,lh,8,400,Macro Dice,,0.9236816503332412,
freesurfercsrp,d,204420,gm,lh,8,400,Macro Dice,,0.9100077115545606,
freesurfercsrp,d,204521,wm,lh,8,350,Macro Dice,,0.9429851689940759,
freesurfercsrp,d,203418,gm,lh,8,400,Macro Dice,,0.9221951292148839,
freesurfercsrp,d,204319,wm,lh,8,350,Macro Dice,,0.9270844294415134,
freesurfercsrp,d,202719,wm,lh,8,350,Macro Dice,,0.9317383927688159,
freesurfercsrp,d,204622,gm,lh,8,400,Macro Dice,,0.9278125194360017,
freesurfercsrp,d,203721,wm,lh,8,350,Macro Dice,,0.9233590173332664,
freesurfercsrp,d,202113,wm,lh,8,350,Macro Dice,,0.9311637724020922,
freesurfercsrp,d,204016,wm,lh,8,350,Macro Dice,,0.929362203062972,
freesurfercsrp,d,203923,wm,lh,8,350,Macro Dice,,0.9338881325199407,
freesurfercsrp,d,204420,wm,lh,8,350,Macro Dice,,0.9124964560704226,
freesurfercsrp,d,204521,gm,rh,8,360,Macro Dice,,0.9320919879448261,
freesurfercsrp,d,203418,wm,lh,8,350,Macro Dice,,0.9200198506705365,
freesurfercsrp,d,204319,gm,rh,8,360,Macro Dice,,0.9118731079737025,
freesurfercsrp,d,202719,gm,rh,8,360,Macro Dice,,0.9262848887659321,
freesurfercsrp,d,204622,wm,lh,8,350,Macro Dice,,0.933817428901566,
freesurfercsrp,d,203721,gm,rh,8,360,Macro Dice,,0.9309890022103653,
freesurfercsrp,d,204016,gm,rh,8,360,Macro Dice,,0.9125311927941638,
freesurfercsrp,d,202113,gm,rh,8,360,Macro Dice,,0.933250868681852,
freesurfercsrp,d,204420,gm,rh,8,360,Macro Dice,,0.9158642696634067,
freesurfercsrp,d,203923,gm,rh,8,360,Macro Dice,,0.9286412367618408,
freesurfercsrp,d,204521,wm,rh,8,401,Macro Dice,,0.9385407401142221,
freesurfercsrp,d,203418,gm,rh,8,360,Macro Dice,,0.9178599780291656,
freesurfercsrp,d,202719,wm,rh,8,401,Macro Dice,,0.9235731271700374,
freesurfercsrp,d,204319,wm,rh,8,401,Macro Dice,,0.9151726029420815,
freesurfercsrp,d,203721,wm,rh,8,401,Macro Dice,,0.9348010292139548,
freesurfercsrp,d,204622,gm,rh,8,360,Macro Dice,,0.9195871599938332,
freesurfercsrp,d,204016,wm,rh,8,401,Macro Dice,,0.9130605809229785,
freesurfercsrp,d,204420,wm,rh,8,401,Macro Dice,,0.9227972751702558,
freesurfercsrp,d,202113,wm,rh,8,401,Macro Dice,,0.9362943042625693,
freesurfercsrp,d,203923,wm,rh,8,401,Macro Dice,,0.9347639640215218,
freesurfercsrp,d,203418,wm,rh,8,401,Macro Dice,,0.927350205381307,
freesurfercsrp,d,204622,wm,rh,8,401,Macro Dice,,0.9276109931463354,
freesurfercsrp,d,205725,gm,lh,8,400,Macro Dice,,0.9210480487991607,
freesurfercsrp,d,207628,gm,lh,8,400,Macro Dice,,0.9153158190547815,
freesurfercsrp,d,208024,gm,lh,8,400,Macro Dice,,0.9201323347098689,
freesurfercsrp,d,205220,gm,lh,8,400,Macro Dice,,0.9254031172272947,
freesurfercsrp,d,206222,gm,lh,8,400,Macro Dice,,0.9312308593181648,
freesurfercsrp,d,207426,gm,lh,8,400,Macro Dice,,0.9246210765283308,
freesurfercsrp,d,205119,gm,lh,8,400,Macro Dice,,0.91268769563387,
freesurfercsrp,d,205826,gm,lh,8,400,Macro Dice,,0.9263634599661646,
freesurfercsrp,d,205725,wm,lh,8,350,Macro Dice,,0.9334494532655482,
freesurfercsrp,d,208125,gm,lh,8,400,Macro Dice,,0.9252270331608502,
freesurfercsrp,d,208024,wm,lh,8,350,Macro Dice,,0.9282115949794583,
freesurfercsrp,d,207123,gm,lh,8,400,Macro Dice,,0.910503611901112,
freesurfercsrp,d,205220,wm,lh,8,350,Macro Dice,,0.9333911394486729,
freesurfercsrp,d,207628,wm,lh,8,350,Macro Dice,,0.9134694592608987,
freesurfercsrp,d,206222,wm,lh,8,350,Macro Dice,,0.9351915284756714,
freesurfercsrp,d,207426,wm,lh,8,350,Macro Dice,,0.9295026572566889,
freesurfercsrp,d,205119,wm,lh,8,350,Macro Dice,,0.9208272664987446,
freesurfercsrp,d,205826,wm,lh,8,350,Macro Dice,,0.927275925593456,
freesurfercsrp,d,205725,gm,rh,8,360,Macro Dice,,0.9283715801301111,
freesurfercsrp,d,208024,gm,rh,8,360,Macro Dice,,0.9347723951521798,
freesurfercsrp,d,208125,wm,lh,8,350,Macro Dice,,0.9372452443623952,
freesurfercsrp,d,205220,gm,rh,8,360,Macro Dice,,0.9229348420901254,
freesurfercsrp,d,207123,wm,lh,8,350,Macro Dice,,0.9164050863699665,
freesurfercsrp,d,207628,gm,rh,8,360,Macro Dice,,0.9187217830463806,
freesurfercsrp,d,207426,gm,rh,8,360,Macro Dice,,0.9256398586192575,
freesurfercsrp,d,206222,gm,rh,8,360,Macro Dice,,0.9228961471116557,
freesurfercsrp,d,205725,wm,rh,8,401,Macro Dice,,0.9356394673425759,
freesurfercsrp,d,208024,wm,rh,8,401,Macro Dice,,0.9367315551287086,
freesurfercsrp,d,205826,gm,rh,8,360,Macro Dice,,0.9311613665102598,
freesurfercsrp,d,205119,gm,rh,8,360,Macro Dice,,0.905935679790747,
freesurfercsrp,d,208125,gm,rh,8,360,Macro Dice,,0.9372172451680783,
freesurfercsrp,d,205220,wm,rh,8,401,Macro Dice,,0.9323161745879127,
freesurfercsrp,d,207426,wm,rh,8,401,Macro Dice,,0.9291570447299421,
freesurfercsrp,d,207123,gm,rh,8,360,Macro Dice,,0.9224146981941282,
freesurfercsrp,d,207628,wm,rh,8,401,Macro Dice,,0.9168561508670968,
freesurfercsrp,d,206222,wm,rh,8,401,Macro Dice,,0.9255906249744019,
freesurfercsrp,d,205826,wm,rh,8,401,Macro Dice,,0.9335222219424206,
freesurfercsrp,d,205119,wm,rh,8,401,Macro Dice,,0.8899468336245355,
freesurfercsrp,d,208125,wm,rh,8,401,Macro Dice,,0.9362889177745338,
freesurfercsrp,d,207123,wm,rh,8,401,Macro Dice,,0.9225627859956733,
freesurfercsrp,d,209228,gm,lh,8,400,Macro Dice,,0.9369448688434705,
freesurfercsrp,d,208327,gm,lh,8,400,Macro Dice,,0.9206224337144476,
freesurfercsrp,d,208428,gm,lh,8,400,Macro Dice,,0.9189004308857305,
freesurfercsrp,d,209228,wm,lh,8,350,Macro Dice,,0.9427929448310239,
freesurfercsrp,d,209834,gm,lh,8,400,Macro Dice,,0.925300652801832,
freesurfercsrp,d,208428,wm,lh,8,350,Macro Dice,,0.9305743336323571,
freesurfercsrp,d,208327,wm,lh,8,350,Macro Dice,,0.9228028026286818,
freesurfercsrp,d,210415,gm,lh,8,400,Macro Dice,,0.9159074370439177,
freesurfercsrp,d,209228,gm,rh,8,360,Macro Dice,,0.93667915731346,
freesurfercsrp,d,209834,wm,lh,8,350,Macro Dice,,0.9293084874761448,
freesurfercsrp,d,208428,gm,rh,8,360,Macro Dice,,0.9184397061707877,
freesurfercsrp,d,208226,gm,lh,8,400,Macro Dice,,0.9149612628274101,
freesurfercsrp,d,210415,wm,lh,8,350,Macro Dice,,0.9228177130277907,
freesurfercsrp,d,208327,gm,rh,8,360,Macro Dice,,0.904760724297429,
freesurfercsrp,d,209127,gm,lh,8,400,Macro Dice,,0.9221820893583333,
freesurfercsrp,d,209228,wm,rh,8,401,Macro Dice,,0.9452909401395402,
freesurfercsrp,d,208428,wm,rh,8,401,Macro Dice,,0.9243528365764675,
freesurfercsrp,d,209834,gm,rh,8,360,Macro Dice,,0.9139800046744444,
freesurfercsrp,d,208226,wm,lh,8,350,Macro Dice,,0.9213175735220468,
freesurfercsrp,d,210415,gm,rh,8,360,Macro Dice,,0.9191452733057495,
freesurfercsrp,d,209127,wm,lh,8,350,Macro Dice,,0.9250886271660083,
freesurfercsrp,d,208327,wm,rh,8,401,Macro Dice,,0.9048330906382808,
freesurfercsrp,d,209329,gm,lh,8,400,Macro Dice,,0.9173286438179454,
freesurfercsrp,d,209834,wm,rh,8,401,Macro Dice,,0.92616213259823,
freesurfercsrp,d,208226,gm,rh,8,360,Macro Dice,,0.9319921265476769,
freesurfercsrp,d,209127,gm,rh,8,360,Macro Dice,,0.9247383343159575,
freesurfercsrp,d,210415,wm,rh,8,401,Macro Dice,,0.9168887074738125,
freesurfercsrp,d,209329,wm,lh,8,350,Macro Dice,,0.9218954891080259,
freesurfercsrp,d,209935,gm,lh,8,400,Macro Dice,,0.9075422480831438,
freesurfercsrp,d,208226,wm,rh,8,401,Macro Dice,,0.9342790118327304,
freesurfercsrp,d,209127,wm,rh,8,401,Macro Dice,,0.9336268131667286,
freesurfercsrp,d,209329,gm,rh,8,360,Macro Dice,,0.9358473257456535,
freesurfercsrp,d,209935,wm,lh,8,350,Macro Dice,,0.9111014242101224,
freesurfercsrp,d,210011,gm,lh,8,400,Macro Dice,,0.9236044579556745,
freesurfercsrp,d,209935,gm,rh,8,360,Macro Dice,,0.9166597284266246,
freesurfercsrp,d,209329,wm,rh,8,401,Macro Dice,,0.9444979101781915,
freesurfercsrp,d,210011,wm,lh,8,350,Macro Dice,,0.9252864811524777,
freesurfercsrp,d,209935,wm,rh,8,401,Macro Dice,,0.9204236968341131,
freesurfercsrp,d,210011,gm,rh,8,360,Macro Dice,,0.9357547333961013,
freesurfercsrp,d,210011,wm,rh,8,401,Macro Dice,,0.9374287690558187,
freesurfercsrp,d,211316,gm,lh,8,400,Macro Dice,,0.9185090499194126,
freesurfercsrp,d,211922,gm,lh,8,400,Macro Dice,,0.9431190257871995,
freesurfercsrp,d,211720,gm,lh,8,400,Macro Dice,,0.9018817494449142,
freesurfercsrp,d,211417,gm,lh,8,400,Macro Dice,,0.9235120850366881,
freesurfercsrp,d,211114,gm,lh,8,400,Macro Dice,,0.934208715007267,
freesurfercsrp,d,211316,wm,lh,8,350,Macro Dice,,0.9171814069129086,
freesurfercsrp,d,210617,gm,lh,8,400,Macro Dice,,0.9075796785412512,
freesurfercsrp,d,211215,gm,lh,8,400,Macro Dice,,0.9398901123663992,
freesurfercsrp,d,211922,wm,lh,8,350,Macro Dice,,0.9414696910306453,
freesurfercsrp,d,211114,wm,lh,8,350,Macro Dice,,0.9394245634381686,
freesurfercsrp,d,211417,wm,lh,8,350,Macro Dice,,0.9275269347394556,
freesurfercsrp,d,211720,wm,lh,8,350,Macro Dice,,0.897874073528822,
freesurfercsrp,d,210617,wm,lh,8,350,Macro Dice,,0.923596306963289,
freesurfercsrp,d,211215,wm,lh,8,350,Macro Dice,,0.9401708243976156,
freesurfercsrp,d,211922,gm,rh,8,360,Macro Dice,,0.9257228670207945,
freesurfercsrp,d,211417,gm,rh,8,360,Macro Dice,,0.9197816276763195,
freesurfercsrp,d,210617,gm,rh,8,360,Macro Dice,,0.9055224868325402,
freesurfercsrp,d,211114,gm,rh,8,360,Macro Dice,,0.9242363116857821,
freesurfercsrp,d,211720,gm,rh,8,360,Macro Dice,,0.8961347390166768,
freesurfercsrp,d,212015,gm,lh,8,400,Macro Dice,,0.9220489169048839,
freesurfercsrp,d,212217,gm,lh,8,400,Macro Dice,,0.906118761479125,
freesurfercsrp,d,211922,wm,rh,8,401,Macro Dice,,0.9274402134950772,
freesurfercsrp,d,211316,gm,rh,8,360,Macro Dice,,0.931408686646793,
freesurfercsrp,d,211114,wm,rh,8,401,Macro Dice,,0.9296480371988395,
freesurfercsrp,d,211417,wm,rh,8,401,Macro Dice,,0.9287224850882958,
freesurfercsrp,d,210617,wm,rh,8,401,Macro Dice,,0.903850383860237,
freesurfercsrp,d,212116,gm,lh,8,400,Macro Dice,,0.9165541619539306,
freesurfercsrp,d,211720,wm,rh,8,401,Macro Dice,,0.9029196035021751,
freesurfercsrp,d,212217,wm,lh,8,350,Macro Dice,,0.9181546722692746,
freesurfercsrp,d,212116,wm,lh,8,350,Macro Dice,,0.921997914709208,
freesurfercsrp,d,211316,wm,rh,8,401,Macro Dice,,0.9369883579661391,
freesurfercsrp,d,212015,wm,lh,8,350,Macro Dice,,0.931704526264422,
freesurfercsrp,d,211215,gm,rh,8,360,Macro Dice,,0.9258075457600402,
freesurfercsrp,d,212217,gm,rh,8,360,Macro Dice,,0.9178394882283127,
freesurfercsrp,d,212116,gm,rh,8,360,Macro Dice,,0.9181770449831349,
freesurfercsrp,d,212015,gm,rh,8,360,Macro Dice,,0.9130071086171982,
freesurfercsrp,d,212217,wm,rh,8,401,Macro Dice,,0.9218324639833899,
freesurfercsrp,d,212116,wm,rh,8,401,Macro Dice,,0.9256462472854811,
freesurfercsrp,d,211215,wm,rh,8,401,Macro Dice,,0.9344534187628434,
freesurfercsrp,d,212015,wm,rh,8,401,Macro Dice,,0.9263850893286658,
freesurfercsrp,d,214221,gm,lh,8,400,Macro Dice,,0.9052475098865218,
freesurfercsrp,d,214423,gm,lh,8,400,Macro Dice,,0.8990461991504504,
freesurfercsrp,d,214019,gm,lh,8,400,Macro Dice,,0.9259880694484315,
freesurfercsrp,d,214524,gm,lh,8,400,Macro Dice,,0.9189067926146703,
freesurfercsrp,d,213421,gm,lh,8,400,Macro Dice,,0.9302717225423419,
freesurfercsrp,d,214221,wm,lh,8,350,Macro Dice,,0.9118673605185342,
freesurfercsrp,d,214019,wm,lh,8,350,Macro Dice,,0.9318034772590159,
freesurfercsrp,d,214524,wm,lh,8,350,Macro Dice,,0.9258808630862745,
freesurfercsrp,d,212419,gm,lh,8,400,Macro Dice,,0.9144978307198175,
freesurfercsrp,d,214423,wm,lh,8,350,Macro Dice,,0.8944993714934757,
freesurfercsrp,d,212318,gm,lh,8,400,Macro Dice,,0.9233918632041848,
freesurfercsrp,d,213421,wm,lh,8,350,Macro Dice,,0.9344107972233139,
freesurfercsrp,d,214221,gm,rh,8,360,Macro Dice,,0.9126941528076951,
freesurfercsrp,d,214726,gm,lh,8,400,Macro Dice,,0.9141670165503917,
freesurfercsrp,d,214625,gm,lh,8,400,Macro Dice,,0.9261010378837903,
freesurfercsrp,d,214524,gm,rh,8,360,Macro Dice,,0.9219538250895983,
freesurfercsrp,d,214423,gm,rh,8,360,Macro Dice,,0.9301783042470918,
freesurfercsrp,d,212823,gm,lh,8,400,Macro Dice,,0.9300014282503737,
freesurfercsrp,d,214221,wm,rh,8,401,Macro Dice,,0.9252206997858711,
freesurfercsrp,d,212419,wm,lh,8,350,Macro Dice,,0.9184119762742262,
freesurfercsrp,d,214625,wm,lh,8,350,Macro Dice,,0.9238040830704658,
freesurfercsrp,d,212318,wm,lh,8,350,Macro Dice,,0.9284656621662043,
freesurfercsrp,d,214524,wm,rh,8,401,Macro Dice,,0.9297047118064155,
freesurfercsrp,d,214423,wm,rh,8,401,Macro Dice,,0.9284983827140428,
freesurfercsrp,d,214726,wm,lh,8,350,Macro Dice,,0.9212823246163039,
freesurfercsrp,d,214019,gm,rh,8,360,Macro Dice,,0.9114958995109029,
freesurfercsrp,d,213421,gm,rh,8,360,Macro Dice,,0.9112675730542203,
freesurfercsrp,d,212823,wm,lh,8,350,Macro Dice,,0.9369921415858806,
freesurfercsrp,d,214625,gm,rh,8,360,Macro Dice,,0.9263755524082173,
freesurfercsrp,d,212318,gm,rh,8,360,Macro Dice,,0.9277185215740498,
freesurfercsrp,d,214019,wm,rh,8,401,Macro Dice,,0.9102996083815668,
freesurfercsrp,d,212419,gm,rh,8,360,Macro Dice,,0.9022848324228611,
freesurfercsrp,d,213421,wm,rh,8,401,Macro Dice,,0.9212231913977965,
freesurfercsrp,d,212318,wm,rh,8,401,Macro Dice,,0.9362974211477664,
freesurfercsrp,d,214625,wm,rh,8,401,Macro Dice,,0.9350545855616401,
freesurfercsrp,d,214726,gm,rh,8,360,Macro Dice,,0.9277349239898781,
freesurfercsrp,d,212823,gm,rh,8,360,Macro Dice,,0.9174105694142349,
freesurfercsrp,d,212419,wm,rh,8,401,Macro Dice,,0.9096844082061892,
freesurfercsrp,d,214726,wm,rh,8,401,Macro Dice,,0.9242511649454962,
freesurfercsrp,d,212823,wm,rh,8,401,Macro Dice,,0.9211610333770363,
freesurfercsrp,d,221319,gm,lh,8,400,Macro Dice,,0.915671421336252,
freesurfercsrp,d,228434,gm,lh,8,400,Macro Dice,,0.8923825624273555,
freesurfercsrp,d,220721,gm,lh,8,400,Macro Dice,,0.9033067436077923,
freesurfercsrp,d,217429,gm,lh,8,400,Macro Dice,,0.9288905462586373,
freesurfercsrp,d,231928,gm,lh,8,400,Macro Dice,,0.9151826308963494,
freesurfercsrp,d,227432,gm,lh,8,400,Macro Dice,,0.9259789109362829,
freesurfercsrp,d,223929,gm,lh,8,400,Macro Dice,,0.9072162007991398,
freesurfercsrp,d,221319,wm,lh,8,350,Macro Dice,,0.9158371841917806,
freesurfercsrp,d,217126,gm,lh,8,400,Macro Dice,,0.9245942311107042,
freesurfercsrp,d,224022,gm,lh,8,400,Macro Dice,,0.9255678852944235,
freesurfercsrp,d,228434,wm,lh,8,350,Macro Dice,,0.8942233226624066,
freesurfercsrp,d,221218,gm,lh,8,400,Macro Dice,,0.9163304592629995,
freesurfercsrp,d,217429,wm,lh,8,350,Macro Dice,,0.9271691055868532,
freesurfercsrp,d,220721,wm,lh,8,350,Macro Dice,,0.9085459045920109,
freesurfercsrp,d,231928,wm,lh,8,350,Macro Dice,,0.9197892992492301,
freesurfercsrp,d,227432,wm,lh,8,350,Macro Dice,,0.9327527748965896,
freesurfercsrp,d,223929,wm,lh,8,350,Macro Dice,,0.9107090246261416,
freesurfercsrp,d,221319,gm,rh,8,360,Macro Dice,,0.7714485591310597,
freesurfercsrp,d,217126,wm,lh,8,350,Macro Dice,,0.9305747583566354,
freesurfercsrp,d,221218,wm,lh,8,350,Macro Dice,,0.9305966876433733,
freesurfercsrp,d,224022,wm,lh,8,350,Macro Dice,,0.9257540407290137,
freesurfercsrp,d,228434,gm,rh,8,360,Macro Dice,,0.92149814116693,
freesurfercsrp,d,217429,gm,rh,8,360,Macro Dice,,0.9305076907552321,
freesurfercsrp,d,221319,wm,rh,8,401,Macro Dice,,0.7766170550367054,
freesurfercsrp,d,231928,gm,rh,8,360,Macro Dice,,0.9148499262233979,
freesurfercsrp,d,220721,gm,rh,8,360,Macro Dice,,0.9123955262149027,
freesurfercsrp,d,227432,gm,rh,8,360,Macro Dice,,0.9351867946392025,
freesurfercsrp,d,221218,gm,rh,8,360,Macro Dice,,0.9176219266552297,
freesurfercsrp,d,223929,gm,rh,8,360,Macro Dice,,0.9058336798065838,
freesurfercsrp,d,228434,wm,rh,8,401,Macro Dice,,0.9251510191074481,
freesurfercsrp,d,217429,wm,rh,8,401,Macro Dice,,0.9289822068456388,
freesurfercsrp,d,224022,gm,rh,8,360,Macro Dice,,0.8980262761776332,
freesurfercsrp,d,231928,wm,rh,8,401,Macro Dice,,0.9169244726350549,
freesurfercsrp,d,227432,wm,rh,8,401,Macro Dice,,0.9381265750003481,
freesurfercsrp,d,217126,gm,rh,8,360,Macro Dice,,0.9325504759800657,
freesurfercsrp,d,220721,wm,rh,8,401,Macro Dice,,0.9134572822014722,
freesurfercsrp,d,224022,wm,rh,8,401,Macro Dice,,0.8948356084003642,
freesurfercsrp,d,223929,wm,rh,8,401,Macro Dice,,0.9079737798773644,
freesurfercsrp,d,221218,wm,rh,8,401,Macro Dice,,0.9292311833152362,
freesurfercsrp,d,217126,wm,rh,8,401,Macro Dice,,0.9382775271755928,
freesurfercsrp,d,246133,gm,lh,8,400,Macro Dice,,0.9207538249344609,
freesurfercsrp,d,237334,gm,lh,8,400,Macro Dice,,0.9357356417248645,
freesurfercsrp,d,233326,gm,lh,8,400,Macro Dice,,0.9259029304431278,
freesurfercsrp,d,250427,gm,lh,8,400,Macro Dice,,0.9231375124745246,
freesurfercsrp,d,236130,gm,lh,8,400,Macro Dice,,0.926007011234633,
freesurfercsrp,d,248339,gm,lh,8,400,Macro Dice,,0.8847889703976239,
freesurfercsrp,d,250932,gm,lh,8,400,Macro Dice,,0.9267110395875355,
freesurfercsrp,d,245333,gm,lh,8,400,Macro Dice,,0.9321484471075128,
freesurfercsrp,d,239944,gm,lh,8,400,Macro Dice,,0.9257797903609989,
freesurfercsrp,d,249947,gm,lh,8,400,Macro Dice,,0.835768220761982,
freesurfercsrp,d,237334,wm,lh,8,350,Macro Dice,,0.943302273739747,
freesurfercsrp,d,246133,wm,lh,8,350,Macro Dice,,0.9256233916958052,
freesurfercsrp,d,250427,wm,lh,8,350,Macro Dice,,0.9348699961226756,
freesurfercsrp,d,233326,wm,lh,8,350,Macro Dice,,0.9270214129001845,
freesurfercsrp,d,250932,wm,lh,8,350,Macro Dice,,0.9304772260736063,
freesurfercsrp,d,249947,wm,lh,8,350,Macro Dice,,0.860273149152287,
freesurfercsrp,d,236130,wm,lh,8,350,Macro Dice,,0.9358814740301579,
freesurfercsrp,d,245333,wm,lh,8,350,Macro Dice,,0.9360401364962921,
freesurfercsrp,d,248339,wm,lh,8,350,Macro Dice,,0.8921393464314645,
freesurfercsrp,d,239944,wm,lh,8,350,Macro Dice,,0.9340935980855443,
freesurfercsrp,d,237334,gm,rh,8,360,Macro Dice,,0.92677227095914,
freesurfercsrp,d,246133,gm,rh,8,360,Macro Dice,,0.9239433595950722,
freesurfercsrp,d,250427,gm,rh,8,360,Macro Dice,,0.9036229368824168,
freesurfercsrp,d,249947,gm,rh,8,360,Macro Dice,,0.8472179665102233,
freesurfercsrp,d,250932,gm,rh,8,360,Macro Dice,,0.9296576403674183,
freesurfercsrp,d,245333,gm,rh,8,360,Macro Dice,,0.9313851449426446,
freesurfercsrp,d,233326,gm,rh,8,360,Macro Dice,,0.9208697964962909,
freesurfercsrp,d,236130,gm,rh,8,360,Macro Dice,,0.9306004187456708,
freesurfercsrp,d,237334,wm,rh,8,401,Macro Dice,,0.9338947913665168,
freesurfercsrp,d,248339,gm,rh,8,360,Macro Dice,,0.8592023775822113,
freesurfercsrp,d,250427,wm,rh,8,401,Macro Dice,,0.908852877226006,
freesurfercsrp,d,249947,wm,rh,8,401,Macro Dice,,0.8610144044042213,
freesurfercsrp,d,246133,wm,rh,8,401,Macro Dice,,0.9270695966102092,
freesurfercsrp,d,239944,gm,rh,8,360,Macro Dice,,0.9230659129806696,
freesurfercsrp,d,250932,wm,rh,8,401,Macro Dice,,0.9303468330264962,
freesurfercsrp,d,236130,wm,rh,8,401,Macro Dice,,0.9335827790060646,
freesurfercsrp,d,233326,wm,rh,8,401,Macro Dice,,0.9288535531079294,
freesurfercsrp,d,245333,wm,rh,8,401,Macro Dice,,0.9351990788248762,
freesurfercsrp,d,248339,wm,rh,8,401,Macro Dice,,0.867754691800106,
freesurfercsrp,d,239944,wm,rh,8,401,Macro Dice,,0.9276884085531366,
freesurfercsrp,d,275645,gm,lh,8,400,Macro Dice,,0.8830619840966413,
freesurfercsrp,d,251833,gm,lh,8,400,Macro Dice,,0.9135101932190602,
freesurfercsrp,d,263436,gm,lh,8,400,Macro Dice,,0.9273877470793723,
freesurfercsrp,d,268749,gm,lh,8,400,Macro Dice,,0.9054083568931186,
freesurfercsrp,d,268850,gm,lh,8,400,Macro Dice,,0.9134460322419967,
freesurfercsrp,d,257845,gm,lh,8,400,Macro Dice,,0.9380803454709897,
freesurfercsrp,d,255639,gm,lh,8,400,Macro Dice,,0.916055303291592,
freesurfercsrp,d,256540,gm,lh,8,400,Macro Dice,,0.9240666815233018,
freesurfercsrp,d,251833,wm,lh,8,350,Macro Dice,,0.9230734280539321,
freesurfercsrp,d,263436,wm,lh,8,350,Macro Dice,,0.9329746847102184,
freesurfercsrp,d,275645,wm,lh,8,350,Macro Dice,,0.8832006704165786,
freesurfercsrp,d,268850,wm,lh,8,350,Macro Dice,,0.9193442814067575,
freesurfercsrp,d,270332,gm,lh,8,400,Macro Dice,,0.9133941043746451,
freesurfercsrp,d,257845,wm,lh,8,350,Macro Dice,,0.934853117869622,
freesurfercsrp,d,255639,wm,lh,8,350,Macro Dice,,0.9285710793169053,
freesurfercsrp,d,256540,wm,lh,8,350,Macro Dice,,0.9316307839100694,
freesurfercsrp,d,263436,gm,rh,8,360,Macro Dice,,0.9129939828914467,
freesurfercsrp,d,268749,wm,lh,8,350,Macro Dice,,0.9101731749282258,
freesurfercsrp,d,257542,gm,lh,8,400,Macro Dice,,0.9210012696745531,
freesurfercsrp,d,251833,gm,rh,8,360,Macro Dice,,0.9115928356129533,
freesurfercsrp,d,263436,wm,rh,8,401,Macro Dice,,0.9163958375372179,
freesurfercsrp,d,275645,gm,rh,8,360,Macro Dice,,0.9122039905544072,
freesurfercsrp,d,257845,gm,rh,8,360,Macro Dice,,0.9347786050083324,
freesurfercsrp,d,268850,gm,rh,8,360,Macro Dice,,0.928407918776689,
freesurfercsrp,d,255639,gm,rh,8,360,Macro Dice,,0.9241899909099073,
freesurfercsrp,d,257542,wm,lh,8,350,Macro Dice,,0.9280821846969431,
freesurfercsrp,d,270332,wm,lh,8,350,Macro Dice,,0.9196221461084243,
freesurfercsrp,d,251833,wm,rh,8,401,Macro Dice,,0.9052971837886855,
freesurfercsrp,d,256540,gm,rh,8,360,Macro Dice,,0.916955826276138,
freesurfercsrp,d,275645,wm,rh,8,401,Macro Dice,,0.912141705816901,
freesurfercsrp,d,268850,wm,rh,8,401,Macro Dice,,0.9342598736243657,
freesurfercsrp,d,255639,wm,rh,8,401,Macro Dice,,0.9279067026598556,
freesurfercsrp,d,257845,wm,rh,8,401,Macro Dice,,0.9402271437003213,
freesurfercsrp,d,268749,gm,rh,8,360,Macro Dice,,0.9125058789818018,
freesurfercsrp,d,256540,wm,rh,8,401,Macro Dice,,0.9234516125425304,
freesurfercsrp,d,257542,gm,rh,8,360,Macro Dice,,0.9196908070865023,
freesurfercsrp,d,270332,gm,rh,8,360,Macro Dice,,0.9200237428696981,
freesurfercsrp,d,257542,wm,rh,8,401,Macro Dice,,0.922145085094424,
freesurfercsrp,d,268749,wm,rh,8,401,Macro Dice,,0.9169499323895461,
freesurfercsrp,d,270332,wm,rh,8,401,Macro Dice,,0.9223513631866344,
freesurfercsrp,d,285446,gm,lh,8,400,Macro Dice,,0.9143534027341568,
freesurfercsrp,d,280739,gm,lh,8,400,Macro Dice,,0.9359333302849269,
freesurfercsrp,d,280941,gm,lh,8,400,Macro Dice,,0.929597451807199,
freesurfercsrp,d,284646,gm,lh,8,400,Macro Dice,,0.9316574729629169,
freesurfercsrp,d,286650,gm,lh,8,400,Macro Dice,,0.9368767817217781,
freesurfercsrp,d,283543,gm,lh,8,400,Macro Dice,,0.9315948838344387,
freesurfercsrp,d,285345,gm,lh,8,400,Macro Dice,,0.9194172089076724,
freesurfercsrp,d,290136,gm,lh,8,400,Macro Dice,,0.9209475832409761,
freesurfercsrp,d,280941,wm,lh,8,350,Macro Dice,,0.9350204781324034,
freesurfercsrp,d,289555,gm,lh,8,400,Macro Dice,,0.9100288798064313,
freesurfercsrp,d,285446,wm,lh,8,350,Macro Dice,,0.9241916815207708,
freesurfercsrp,d,284646,wm,lh,8,350,Macro Dice,,0.9338840310106905,
freesurfercsrp,d,286650,wm,lh,8,350,Macro Dice,,0.9328336017900619,
freesurfercsrp,d,280739,wm,lh,8,350,Macro Dice,,0.9357144923573045,
freesurfercsrp,d,283543,wm,lh,8,350,Macro Dice,,0.9311155155732992,
freesurfercsrp,d,285345,wm,lh,8,350,Macro Dice,,0.9272101060361194,
freesurfercsrp,d,290136,wm,lh,8,350,Macro Dice,,0.9239900877154787,
freesurfercsrp,d,280941,gm,rh,8,360,Macro Dice,,0.9150256576508273,
freesurfercsrp,d,285446,gm,rh,8,360,Macro Dice,,0.9250570715030632,
freesurfercsrp,d,287248,gm,lh,8,400,Macro Dice,,0.9255865808337251,
freesurfercsrp,d,284646,gm,rh,8,360,Macro Dice,,0.9074066293793861,
freesurfercsrp,d,286650,gm,rh,8,360,Macro Dice,,0.9273273912369847,
freesurfercsrp,d,289555,wm,lh,8,350,Macro Dice,,0.9229295506021901,
freesurfercsrp,d,280941,wm,rh,8,401,Macro Dice,,0.9198680543282752,
freesurfercsrp,d,290136,gm,rh,8,360,Macro Dice,,0.9236292058148734,
freesurfercsrp,d,283543,gm,rh,8,360,Macro Dice,,0.9328220009620131,
freesurfercsrp,d,287248,wm,lh,8,350,Macro Dice,,0.9185504490336275,
freesurfercsrp,d,286650,wm,rh,8,401,Macro Dice,,0.9309318687450083,
freesurfercsrp,d,284646,wm,rh,8,401,Macro Dice,,0.9133937590819377,
freesurfercsrp,d,280739,gm,rh,8,360,Macro Dice,,0.9285298317184927,
freesurfercsrp,d,283543,wm,rh,8,401,Macro Dice,,0.9353357331048137,
freesurfercsrp,d,290136,wm,rh,8,401,Macro Dice,,0.9267665470720745,
freesurfercsrp,d,289555,gm,rh,8,360,Macro Dice,,0.9204376251354426,
freesurfercsrp,d,280739,wm,rh,8,401,Macro Dice,,0.9325599996280136,
freesurfercsrp,d,285446,wm,rh,8,401,Macro Dice,,0.9291929790132485,
freesurfercsrp,d,289555,wm,rh,8,401,Macro Dice,,0.9191604312388285,
freesurfercsrp,d,287248,gm,rh,8,360,Macro Dice,,0.9262520104916053,
freesurfercsrp,d,285345,gm,rh,8,360,Macro Dice,,0.9065890115779208,
freesurfercsrp,d,287248,wm,rh,8,401,Macro Dice,,0.928229388084033,
freesurfercsrp,d,285345,wm,rh,8,401,Macro Dice,,0.9055217972473049,
freesurfercsrp,d,297655,gm,lh,8,400,Macro Dice,,0.9282005169595782,
freesurfercsrp,d,298455,gm,lh,8,400,Macro Dice,,0.9076309677429043,
freesurfercsrp,d,293748,gm,lh,8,400,Macro Dice,,0.9192939823462589,
freesurfercsrp,d,298051,gm,lh,8,400,Macro Dice,,0.9321532921907714,
freesurfercsrp,d,297655,wm,lh,8,350,Macro Dice,,0.9278004208351681,
freesurfercsrp,d,293748,wm,lh,8,350,Macro Dice,,0.9289400376009429,
freesurfercsrp,d,298455,wm,lh,8,350,Macro Dice,,0.9101731173181355,
freesurfercsrp,d,295146,gm,lh,8,400,Macro Dice,,0.9198195269620167,
freesurfercsrp,d,299154,gm,lh,8,400,Macro Dice,,0.922623506645622,
freesurfercsrp,d,298051,wm,lh,8,350,Macro Dice,,0.9350725006414907,
freesurfercsrp,d,295146,wm,lh,8,350,Macro Dice,,0.9212918752160101,
freesurfercsrp,d,299154,wm,lh,8,350,Macro Dice,,0.928199544847722,
freesurfercsrp,d,297655,gm,rh,8,360,Macro Dice,,0.9293617343951078,
freesurfercsrp,d,298455,gm,rh,8,360,Macro Dice,,0.9349376089787071,
freesurfercsrp,d,293748,gm,rh,8,360,Macro Dice,,0.9345846793114098,
freesurfercsrp,d,298051,gm,rh,8,360,Macro Dice,,0.9265018377805386,
freesurfercsrp,d,293748,wm,rh,8,401,Macro Dice,,0.9438923468546802,
freesurfercsrp,d,298455,wm,rh,8,401,Macro Dice,,0.9346972973307234,
freesurfercsrp,d,295146,gm,rh,8,360,Macro Dice,,0.9241041823026818,
freesurfercsrp,d,298051,wm,rh,8,401,Macro Dice,,0.9222133986649246,
freesurfercsrp,d,299154,gm,rh,8,360,Macro Dice,,0.9189885310129517,
freesurfercsrp,d,295146,wm,rh,8,401,Macro Dice,,0.9295249451526311,
freesurfercsrp,d,299154,wm,rh,8,401,Macro Dice,,0.9207203884546461,
freesurfercsrp,d,297655,wm,rh,8,401,Macro Dice,,0.9387398230160451,
