Framework,Subject ID,surf_type,Hemisphere,Metric,Label,Score,Total Triangles
csrf,208428,pial,lh,Chamfer Distance,,0.8873008352376348,
csrf,208428,pial,lh,Hausdorff Distance,,4.720391157059631,
csrf,208428,pial,lh,Self-Intersections (SIF),,-1,178937
csrf,221319,pial,lh,Chamfer Distance,,0.8854684040956156,
csrf,221319,pial,lh,Hausdorff Distance,,5.022292561275284,
csrf,221319,pial,lh,Self-Intersections (SIF),,-1,206128
csrf,212318,pial,lh,Chamfer Distance,,0.8593691656238132,
csrf,212318,pial,lh,Hausdorff Distance,,5.404544737544553,
csrf,212318,pial,lh,Self-Intersections (SIF),,-1,209712
csrf,208024,pial,lh,Chamfer Distance,,0.8742616362320317,
csrf,205725,pial,lh,Chamfer Distance,,0.8793728757592492,
csrf,205725,pial,lh,Hausdorff Distance,,5.278419221077805,
csrf,224022,pial,lh,Chamfer Distance,,0.911103833903602,
csrf,208024,pial,lh,Hausdorff Distance,,4.410926597504391,
csrf,204420,pial,lh,Chamfer Distance,,0.8734550183836383,
csrf,205725,pial,lh,Self-Intersections (SIF),,-1,188983
csrf,224022,pial,lh,Hausdorff Distance,,6.199456942808957,
csrf,208024,pial,lh,Self-Intersections (SIF),,-1,198929
csrf,204420,pial,lh,Hausdorff Distance,,4.162603862547548,
csrf,224022,pial,lh,Self-Intersections (SIF),,-1,194272
csrf,204420,pial,lh,Self-Intersections (SIF),,-1,195167
csrf,237334,pial,lh,Chamfer Distance,,0.8539414702998884,
csrf,211316,pial,lh,Chamfer Distance,,0.8976788160542413,
csrf,237334,pial,lh,Hausdorff Distance,,5.295334625670465,
csrf,211316,pial,lh,Hausdorff Distance,,5.586901601100939,
csrf,237334,pial,lh,Self-Intersections (SIF),,-1,215719
csrf,211316,pial,lh,Self-Intersections (SIF),,-1,201693
csrf,204521,pial,lh,Chamfer Distance,,0.8941611809362162,
csrf,209834,pial,lh,Chamfer Distance,,0.9236143110353074,
csrf,204521,pial,lh,Hausdorff Distance,,6.935894246075288,
csrf,209834,pial,lh,Hausdorff Distance,,5.970591317230045,
csrf,204521,pial,lh,Self-Intersections (SIF),,-1,200046
csrf,210415,pial,lh,Chamfer Distance,,0.9147559460517447,
csrf,280739,pial,lh,Chamfer Distance,,0.8634027488747479,
csrf,209834,pial,lh,Self-Intersections (SIF),,-1,204624
csrf,280739,pial,lh,Hausdorff Distance,,5.219628395874805,
csrf,201818,pial,lh,Chamfer Distance,,0.8723121938752976,
csrf,210415,pial,lh,Hausdorff Distance,,6.077359194489227,
csrf,255639,pial,lh,Chamfer Distance,,0.9017358507980275,
csrf,201818,pial,lh,Hausdorff Distance,,5.96291727630183,
csrf,210415,pial,lh,Self-Intersections (SIF),,-1,200011
csrf,280739,pial,lh,Self-Intersections (SIF),,-1,208187
csrf,209329,pial,lh,Chamfer Distance,,0.8916764968665092,
csrf,255639,pial,lh,Hausdorff Distance,,7.415301457870797,
csrf,201818,pial,lh,Self-Intersections (SIF),,-1,205168
csrf,285345,pial,lh,Chamfer Distance,,0.8827554885816972,
csrf,246133,pial,lh,Chamfer Distance,,0.8794873031637,
csrf,250427,pial,lh,Chamfer Distance,,0.881806959670147,
csrf,214019,pial,lh,Chamfer Distance,,0.8769365171150303,
csrf,239944,pial,lh,Chamfer Distance,,0.859393878349279,
csrf,228434,pial,lh,Chamfer Distance,,0.8663958904530996,
csrf,255639,pial,lh,Self-Intersections (SIF),,-1,202394
csrf,209329,pial,lh,Hausdorff Distance,,4.565393015516353,
csrf,245333,pial,lh,Chamfer Distance,,0.8681870723068501,
csrf,285345,pial,lh,Hausdorff Distance,,4.333785448248355,
csrf,212217,pial,lh,Chamfer Distance,,0.876755532893319,
csrf,205220,pial,lh,Chamfer Distance,,0.8568076058486307,
csrf,214221,pial,lh,Chamfer Distance,,0.9002579096278309,
csrf,214625,pial,lh,Chamfer Distance,,0.865324364897228,
csrf,217429,pial,lh,Chamfer Distance,,0.8993533821674928,
csrf,246133,pial,lh,Hausdorff Distance,,4.306777919474838,
csrf,250427,pial,lh,Hausdorff Distance,,3.766567268754123,
csrf,250932,pial,lh,Chamfer Distance,,0.8532025108204446,
csrf,221218,pial,lh,Chamfer Distance,,0.8965272939721609,
csrf,203721,pial,lh,Chamfer Distance,,0.9371781992915418,
csrf,205220,pial,lh,Hausdorff Distance,,4.060599335350823,
csrf,204622,pial,lh,Chamfer Distance,,0.8653297495598746,
csrf,275645,pial,lh,Chamfer Distance,,0.8885991606923589,
csrf,256540,pial,lh,Chamfer Distance,,0.8797728457665521,
csrf,214019,pial,lh,Hausdorff Distance,,6.147011877779416,
csrf,246133,pial,lh,Self-Intersections (SIF),,-1,210606
csrf,201414,pial,lh,Chamfer Distance,,0.9416498571052505,
csrf,249947,pial,lh,Chamfer Distance,,0.8585138063470441,
csrf,204622,pial,lh,Hausdorff Distance,,7.358015290722297,
csrf,239944,pial,lh,Hausdorff Distance,,5.784882683132257,
csrf,228434,pial,lh,Hausdorff Distance,,5.244406182453387,
csrf,209329,pial,lh,Self-Intersections (SIF),,-1,205967
csrf,275645,pial,lh,Hausdorff Distance,,5.186015907128616,
csrf,280941,pial,lh,Chamfer Distance,,0.8682823897358609,
csrf,208226,pial,lh,Chamfer Distance,,0.8486584279432722,
csrf,214019,pial,lh,Self-Intersections (SIF),,-1,210951
csrf,212217,pial,lh,Hausdorff Distance,,4.192929361862281,
csrf,200614,pial,lh,Chamfer Distance,,0.8906561577679414,
csrf,214625,pial,lh,Hausdorff Distance,,5.0647565650845285,
csrf,249947,pial,lh,Hausdorff Distance,,3.685711728588941,
csrf,245333,pial,lh,Hausdorff Distance,,3.5067351368922224,
csrf,280941,pial,lh,Hausdorff Distance,,7.482598458762889,
csrf,285345,pial,lh,Self-Intersections (SIF),,-1,213650
csrf,214221,pial,lh,Hausdorff Distance,,4.615251640482954,
csrf,217429,pial,lh,Hausdorff Distance,,5.49790267987434,
csrf,212116,pial,lh,Chamfer Distance,,0.87564532763082,
csrf,263436,pial,lh,Chamfer Distance,,0.859490979683299,
csrf,203418,pial,lh,Chamfer Distance,,0.854155944208932,
csrf,249947,pial,lh,Self-Intersections (SIF),,-1,220336
csrf,204016,pial,lh,Chamfer Distance,,0.8608645209041779,
csrf,217126,pial,lh,Chamfer Distance,,0.881985418639965,
csrf,214221,pial,lh,Self-Intersections (SIF),,-1,215334
csrf,209127,pial,lh,Chamfer Distance,,0.8747212159192832,
csrf,231928,pial,lh,Chamfer Distance,,0.8480404920296936,
csrf,203418,pial,lh,Hausdorff Distance,,4.157180520600888,
csrf,211922,pial,lh,Chamfer Distance,,0.8558939984789573,
csrf,207426,pial,lh,Chamfer Distance,,0.8725596130619153,
csrf,212419,pial,lh,Chamfer Distance,,0.8406005160959965,
csrf,205220,pial,lh,Self-Intersections (SIF),,-1,213009
csrf,250427,pial,lh,Self-Intersections (SIF),,-1,212813
csrf,209127,pial,lh,Hausdorff Distance,,6.194878001852217,
csrf,217126,pial,lh,Hausdorff Distance,,6.754490324901592,
csrf,250932,pial,lh,Hausdorff Distance,,5.274257538801405,
csrf,203418,pial,lh,Self-Intersections (SIF),,-1,223069
csrf,221218,pial,lh,Hausdorff Distance,,6.6326201504842395,
csrf,256540,pial,lh,Hausdorff Distance,,6.073361484181729,
csrf,207628,pial,lh,Chamfer Distance,,0.9104187140614382,
csrf,203721,pial,lh,Hausdorff Distance,,5.812776849395493,
csrf,217126,pial,lh,Self-Intersections (SIF),,-1,224776
csrf,250932,pial,lh,Self-Intersections (SIF),,-1,211139
csrf,203923,pial,lh,Chamfer Distance,,0.8679101948149961,
csrf,211417,pial,lh,Chamfer Distance,,0.8733188576785951,
csrf,227432,pial,lh,Chamfer Distance,,0.913329394438579,
csrf,236130,pial,lh,Chamfer Distance,,0.8610263561743778,
csrf,201414,pial,lh,Hausdorff Distance,,7.45954778526665,
csrf,204622,pial,lh,Self-Intersections (SIF),,-1,243814
csrf,284646,pial,lh,Chamfer Distance,,0.8921903063668746,
csrf,239944,pial,lh,Self-Intersections (SIF),,-1,238308
csrf,257542,pial,lh,Chamfer Distance,,0.8898928335588219,
csrf,228434,pial,lh,Self-Intersections (SIF),,-1,211976
csrf,236130,pial,lh,Hausdorff Distance,,6.905070175830031,
csrf,275645,pial,lh,Self-Intersections (SIF),,-1,215959
csrf,200917,pial,lh,Chamfer Distance,,0.9082904642852276,
csrf,208226,pial,lh,Hausdorff Distance,,7.224596404569733,
csrf,210617,pial,lh,Chamfer Distance,,0.9098628887946795,
csrf,212217,pial,lh,Self-Intersections (SIF),,-1,213202
csrf,200614,pial,lh,Hausdorff Distance,,5.76648940358585,
csrf,214625,pial,lh,Self-Intersections (SIF),,-1,237784
csrf,221319,pial,rh,Chamfer Distance,,0.9051677552388384,
csrf,204420,pial,rh,Chamfer Distance,,0.8890308858068123,
csrf,268850,pial,lh,Chamfer Distance,,0.890578792157721,
csrf,280941,pial,lh,Self-Intersections (SIF),,-1,234171
csrf,200008,pial,lh,Chamfer Distance,,0.8685227408321092,
csrf,210617,pial,lh,Hausdorff Distance,,8.163495776983908,
csrf,245333,pial,lh,Self-Intersections (SIF),,-1,211128
csrf,283543,pial,lh,Chamfer Distance,,0.857764812277098,
csrf,208125,pial,lh,Chamfer Distance,,0.8537487348037494,
csrf,204521,pial,rh,Chamfer Distance,,0.8895493202310971,
csrf,217429,pial,lh,Self-Intersections (SIF),,-1,216190
csrf,268850,pial,lh,Hausdorff Distance,,6.763074057241715,
csrf,263436,pial,lh,Hausdorff Distance,,4.779622323035935,
csrf,212116,pial,lh,Hausdorff Distance,,5.616338010875547,
csrf,202719,pial,lh,Chamfer Distance,,0.8609349139444431,
csrf,248339,pial,lh,Chamfer Distance,,0.8995585038660563,
csrf,201515,pial,lh,Chamfer Distance,,0.9598419276415877,
csrf,200311,pial,lh,Chamfer Distance,,0.9404174820931219,
csrf,211114,pial,lh,Chamfer Distance,,0.899267532805793,
csrf,210011,pial,lh,Chamfer Distance,,0.8644820650536797,
csrf,257845,pial,lh,Chamfer Distance,,0.869128005635472,
csrf,200109,pial,lh,Chamfer Distance,,0.8980541277358829,
csrf,201515,pial,lh,Hausdorff Distance,,12.206556279212252,
csrf,209935,pial,lh,Chamfer Distance,,0.8850744665252364,
csrf,200311,pial,lh,Hausdorff Distance,,5.816047010822653,
csrf,209228,pial,lh,Chamfer Distance,,0.8652325067933901,
csrf,210011,pial,lh,Hausdorff Distance,,6.605561283896367,
csrf,204016,pial,lh,Hausdorff Distance,,5.0355663343619925,
csrf,200109,pial,lh,Hausdorff Distance,,5.119618842096742,
csrf,212823,pial,lh,Chamfer Distance,,0.9071310804016519,
csrf,214524,pial,lh,Chamfer Distance,,0.8653528207647982,
csrf,214726,pial,lh,Chamfer Distance,,0.8853904969472257,
csrf,213421,pial,lh,Chamfer Distance,,0.889516736640044,
csrf,209228,pial,lh,Hausdorff Distance,,4.2519567753770495,
csrf,220721,pial,lh,Chamfer Distance,,0.8642782824443325,
csrf,212015,pial,lh,Chamfer Distance,,0.8861156675762887,
csrf,233326,pial,lh,Chamfer Distance,,0.8593310077087843,
csrf,207426,pial,lh,Hausdorff Distance,,5.5591602872161054,
csrf,204319,pial,lh,Chamfer Distance,,0.8629218431144273,
csrf,205119,pial,lh,Chamfer Distance,,0.8785798882663025,
csrf,209228,pial,lh,Self-Intersections (SIF),,-1,237776
csrf,251833,pial,lh,Chamfer Distance,,0.864230504546707,
csrf,211922,pial,lh,Hausdorff Distance,,4.102464710363545,
csrf,220721,pial,lh,Hausdorff Distance,,4.3896734193752955,
csrf,231928,pial,lh,Hausdorff Distance,,4.608930533307891,
csrf,205826,pial,lh,Chamfer Distance,,0.9143959466797784,
csrf,201717,pial,lh,Chamfer Distance,,0.858920450297972,
csrf,233326,pial,lh,Hausdorff Distance,,6.539124282262991,
csrf,214423,pial,lh,Chamfer Distance,,0.8891018345961322,
csrf,202113,pial,lh,Chamfer Distance,,0.9877691800027129,
csrf,212419,pial,lh,Hausdorff Distance,,4.120485747795021,
csrf,220721,pial,lh,Self-Intersections (SIF),,-1,246055
csrf,208327,pial,lh,Chamfer Distance,,0.8459331140487343,
csrf,231928,pial,lh,Self-Intersections (SIF),,-1,216218
csrf,211215,pial,lh,Chamfer Distance,,0.854269484385004,
csrf,202113,pial,lh,Hausdorff Distance,,4.654073318041423,
csrf,201111,pial,lh,Chamfer Distance,,0.8805934423510087,
csrf,233326,pial,lh,Self-Intersections (SIF),,-1,256867
csrf,207123,pial,lh,Chamfer Distance,,0.8988972369330727,
csrf,211720,pial,lh,Chamfer Distance,,0.8723791079727888,
csrf,212419,pial,lh,Self-Intersections (SIF),,-1,228991
csrf,268749,pial,lh,Chamfer Distance,,0.8883792817058564,
csrf,211215,pial,lh,Hausdorff Distance,,5.336439205513916,
csrf,200210,pial,lh,Chamfer Distance,,0.9264586650140588,
csrf,201111,pial,lh,Hausdorff Distance,,5.623154833800443,
csrf,209127,pial,lh,Self-Intersections (SIF),,-1,219392
csrf,206222,pial,lh,Chamfer Distance,,0.8990416869320543,
csrf,208428,pial,rh,Chamfer Distance,,0.8647075113778273,
csrf,270332,pial,lh,Chamfer Distance,,0.8659877945192721,
csrf,211215,pial,lh,Self-Intersections (SIF),,-1,279470
csrf,221218,pial,lh,Self-Intersections (SIF),,-1,212539
csrf,256540,pial,lh,Self-Intersections (SIF),,-1,215772
csrf,207628,pial,lh,Hausdorff Distance,,5.285074185636644,
csrf,223929,pial,lh,Chamfer Distance,,0.8693038507897424,
csrf,203923,pial,lh,Hausdorff Distance,,4.411801281278829,
csrf,203721,pial,lh,Self-Intersections (SIF),,-1,207587
csrf,211417,pial,lh,Hausdorff Distance,,5.344210314372823,
csrf,227432,pial,lh,Hausdorff Distance,,5.088024168492259,
csrf,201414,pial,lh,Self-Intersections (SIF),,-1,215418
csrf,284646,pial,lh,Hausdorff Distance,,5.325482633428689,
csrf,223929,pial,lh,Hausdorff Distance,,6.075850865461971,
csrf,257542,pial,lh,Hausdorff Distance,,6.764045442318258,
csrf,236130,pial,lh,Self-Intersections (SIF),,-1,232124
csrf,211316,pial,rh,Chamfer Distance,,0.8911855780127313,
csrf,211417,pial,lh,Self-Intersections (SIF),,-1,225936
csrf,224022,pial,rh,Chamfer Distance,,0.8850657932259907,
csrf,208024,pial,rh,Chamfer Distance,,0.8856339586414026,
csrf,284646,pial,lh,Self-Intersections (SIF),,-1,231565
csrf,205725,pial,rh,Chamfer Distance,,0.9033734039226178,
csrf,211316,pial,rh,Hausdorff Distance,,5.041079269465034,
csrf,212318,pial,rh,Chamfer Distance,,0.8698860764041362,
csrf,200917,pial,lh,Hausdorff Distance,,9.417206462337385,
csrf,224022,pial,rh,Hausdorff Distance,,6.846548908687873,
csrf,208226,pial,lh,Self-Intersections (SIF),,-1,218852
csrf,237334,pial,rh,Chamfer Distance,,0.8834557039449445,
csrf,208024,pial,rh,Hausdorff Distance,,4.4246073323647614,
csrf,200614,pial,lh,Self-Intersections (SIF),,-1,229316
csrf,204420,pial,rh,Hausdorff Distance,,5.149235782598581,
csrf,221319,pial,rh,Hausdorff Distance,,4.172443613364283,
csrf,211316,pial,rh,Self-Intersections (SIF),,-1,196395
csrf,201818,pial,rh,Chamfer Distance,,0.8766850572352543,
csrf,209834,pial,rh,Chamfer Distance,,0.9158570015478915,
csrf,255639,pial,rh,Chamfer Distance,,0.9149141935595718,
csrf,210415,pial,rh,Chamfer Distance,,0.9099044131878256,
csrf,280739,pial,rh,Chamfer Distance,,0.8750852600985315,
csrf,210617,pial,lh,Self-Intersections (SIF),,-1,246385
csrf,283543,pial,lh,Hausdorff Distance,,4.146903364146896,
csrf,201818,pial,rh,Hausdorff Distance,,6.44177571785059,
csrf,200008,pial,lh,Hausdorff Distance,,5.8603156581743425,
csrf,204521,pial,rh,Hausdorff Distance,,7.247493123761964,
csrf,210415,pial,rh,Hausdorff Distance,,5.919484037675325,
csrf,208125,pial,lh,Hausdorff Distance,,5.548347231412823,
csrf,209329,pial,rh,Chamfer Distance,,0.9327467698428057,
csrf,280739,pial,rh,Hausdorff Distance,,6.162187546417615,
csrf,268850,pial,lh,Self-Intersections (SIF),,-1,232612
csrf,202719,pial,lh,Hausdorff Distance,,4.167523647208741,
csrf,263436,pial,lh,Self-Intersections (SIF),,-1,241367
csrf,250932,pial,rh,Chamfer Distance,,0.8782750286895589,
csrf,212116,pial,lh,Self-Intersections (SIF),,-1,224885
csrf,228434,pial,rh,Chamfer Distance,,0.8959478159403671,
csrf,248339,pial,lh,Hausdorff Distance,,7.199540577293013,
csrf,211114,pial,lh,Hausdorff Distance,,5.418585461987948,
csrf,257845,pial,lh,Hausdorff Distance,,6.2403399440203495,
csrf,250932,pial,rh,Hausdorff Distance,,4.3008661407850495,
csrf,201515,pial,lh,Self-Intersections (SIF),,-1,254858
csrf,212217,pial,rh,Chamfer Distance,,0.8875259564515942,
csrf,209935,pial,lh,Hausdorff Distance,,4.683691582299782,
csrf,248339,pial,lh,Self-Intersections (SIF),,-1,238126
csrf,200311,pial,lh,Self-Intersections (SIF),,-1,231580
csrf,204622,pial,rh,Chamfer Distance,,0.8683168251549652,
csrf,210011,pial,lh,Self-Intersections (SIF),,-1,251290
csrf,212217,pial,rh,Hausdorff Distance,,5.450975838982774,
csrf,200109,pial,lh,Self-Intersections (SIF),,-1,237464
csrf,217429,pial,rh,Chamfer Distance,,0.8890283079492721,
csrf,204016,pial,lh,Self-Intersections (SIF),,-1,241897
csrf,212823,pial,lh,Hausdorff Distance,,5.688128561575575,
csrf,204622,pial,rh,Hausdorff Distance,,6.3194976185042995,
csrf,214524,pial,lh,Hausdorff Distance,,5.2629649576944,
csrf,214726,pial,lh,Hausdorff Distance,,4.821346861802404,
csrf,213421,pial,lh,Hausdorff Distance,,5.51562998076361,
csrf,217429,pial,rh,Hausdorff Distance,,5.65187646137357,
csrf,204319,pial,lh,Hausdorff Distance,,4.886400873491703,
csrf,207426,pial,lh,Self-Intersections (SIF),,-1,226287
csrf,212015,pial,lh,Hausdorff Distance,,4.617793109897443,
csrf,214726,pial,lh,Self-Intersections (SIF),,-1,245526
csrf,214524,pial,lh,Self-Intersections (SIF),,-1,244741
csrf,205119,pial,lh,Hausdorff Distance,,4.640232033835611,
csrf,212823,pial,lh,Self-Intersections (SIF),,-1,247598
csrf,211922,pial,lh,Self-Intersections (SIF),,-1,226031
csrf,201717,pial,lh,Hausdorff Distance,,5.130428712199786,
csrf,245333,pial,rh,Chamfer Distance,,0.8767755815668092,
csrf,217429,pial,rh,Self-Intersections (SIF),,-1,215352
csrf,204319,pial,lh,Self-Intersections (SIF),,-1,259593
csrf,251833,pial,lh,Hausdorff Distance,,6.289738968317573,
csrf,214423,pial,lh,Hausdorff Distance,,10.255126838474391,
csrf,205826,pial,lh,Hausdorff Distance,,6.695904314323957,
csrf,208327,pial,lh,Hausdorff Distance,,5.257876841301246,
csrf,202113,pial,lh,Self-Intersections (SIF),,-1,247172
csrf,207123,pial,lh,Hausdorff Distance,,8.740176423671913,
csrf,246133,pial,rh,Chamfer Distance,,0.9085373068673558,
csrf,211720,pial,lh,Hausdorff Distance,,6.301967138642717,
csrf,214423,pial,lh,Self-Intersections (SIF),,-1,290412
csrf,268749,pial,lh,Hausdorff Distance,,5.210607080763193,
csrf,200210,pial,lh,Hausdorff Distance,,7.269695249841008,
csrf,201111,pial,lh,Self-Intersections (SIF),,-1,240280
csrf,208428,pial,rh,Hausdorff Distance,,4.260786322893939,
csrf,246133,pial,rh,Hausdorff Distance,,4.974370674673629,
csrf,211720,pial,lh,Self-Intersections (SIF),,-1,271309
csrf,206222,pial,lh,Hausdorff Distance,,5.449391557035748,
csrf,270332,pial,lh,Hausdorff Distance,,5.158446051196045,
csrf,207628,pial,lh,Self-Intersections (SIF),,-1,262111
csrf,203923,pial,lh,Self-Intersections (SIF),,-1,248412
csrf,246133,pial,rh,Self-Intersections (SIF),,-1,209860
csrf,227432,pial,lh,Self-Intersections (SIF),,-1,232181
csrf,257542,pial,lh,Self-Intersections (SIF),,-1,239144
csrf,223929,pial,lh,Self-Intersections (SIF),,-1,328341
csrf,205725,pial,rh,Hausdorff Distance,,4.695498583287378,
csrf,212318,pial,rh,Hausdorff Distance,,6.814628598378618,
csrf,200917,pial,lh,Self-Intersections (SIF),,-1,233713
csrf,224022,pial,rh,Self-Intersections (SIF),,-1,196739
csrf,204420,pial,rh,Self-Intersections (SIF),,-1,197515
csrf,208024,pial,rh,Self-Intersections (SIF),,-1,199177
csrf,237334,pial,rh,Hausdorff Distance,,6.167433683062527,
csrf,212318,pial,rh,Self-Intersections (SIF),,-1,211186
csrf,221319,pial,rh,Self-Intersections (SIF),,-1,210700
csrf,205220,pial,rh,Chamfer Distance,,0.8710290883511895,
csrf,214019,pial,rh,Chamfer Distance,,0.9146229260081971,
csrf,249947,pial,rh,Chamfer Distance,,0.8843166909876298,
csrf,209834,pial,rh,Hausdorff Distance,,6.54377177440394,
csrf,214221,pial,rh,Chamfer Distance,,0.9239980696397664,
csrf,285345,pial,rh,Chamfer Distance,,0.8862981061799791,
csrf,255639,pial,rh,Hausdorff Distance,,5.8044459186227035,
csrf,209228,pial,rh,Chamfer Distance,,0.8728627001927056,
csrf,250427,pial,rh,Chamfer Distance,,0.8673261919084967,
csrf,200008,pial,lh,Self-Intersections (SIF),,-1,216644
csrf,201818,pial,rh,Self-Intersections (SIF),,-1,202371
csrf,209834,pial,rh,Self-Intersections (SIF),,-1,202865
csrf,283543,pial,lh,Self-Intersections (SIF),,-1,246401
csrf,204521,pial,rh,Self-Intersections (SIF),,-1,199446
csrf,275645,pial,rh,Chamfer Distance,,0.9034810043284376,
csrf,203418,pial,rh,Chamfer Distance,,0.8789875997474521,
csrf,217126,pial,rh,Chamfer Distance,,0.8798514739678074,
csrf,208226,pial,rh,Chamfer Distance,,0.8724040327384663,
csrf,210415,pial,rh,Self-Intersections (SIF),,-1,197760
csrf,202719,pial,lh,Self-Intersections (SIF),,-1,242302
csrf,209329,pial,rh,Hausdorff Distance,,8.384544570831835,
csrf,280739,pial,rh,Self-Intersections (SIF),,-1,207852
csrf,217126,pial,rh,Hausdorff Distance,,4.615734107982529,
csrf,208125,pial,lh,Self-Intersections (SIF),,-1,236187
csrf,228434,pial,rh,Hausdorff Distance,,6.638076959143018,
csrf,268850,pial,rh,Chamfer Distance,,0.8983464480894318,
csrf,239944,pial,rh,Chamfer Distance,,0.9005155884159766,
csrf,211114,pial,lh,Self-Intersections (SIF),,-1,238565
csrf,217126,pial,rh,Self-Intersections (SIF),,-1,227390
csrf,210617,pial,rh,Chamfer Distance,,0.9437706095392523,
csrf,257845,pial,lh,Self-Intersections (SIF),,-1,245536
csrf,250932,pial,rh,Self-Intersections (SIF),,-1,214113
csrf,214625,pial,rh,Chamfer Distance,,0.8628331533123061,
csrf,209935,pial,lh,Self-Intersections (SIF),,-1,250089
csrf,212217,pial,rh,Self-Intersections (SIF),,-1,214405
csrf,280941,pial,rh,Chamfer Distance,,0.8702255510914363,
csrf,204622,pial,rh,Self-Intersections (SIF),,-1,243842
csrf,213421,pial,lh,Self-Intersections (SIF),,-1,250610
csrf,205119,pial,lh,Self-Intersections (SIF),,-1,252217
csrf,214625,pial,rh,Hausdorff Distance,,5.704452030399481,
csrf,212015,pial,lh,Self-Intersections (SIF),,-1,250968
csrf,201717,pial,lh,Self-Intersections (SIF),,-1,258993
csrf,245333,pial,rh,Hausdorff Distance,,5.511031197746608,
csrf,251833,pial,lh,Self-Intersections (SIF),,-1,264546
csrf,205826,pial,lh,Self-Intersections (SIF),,-1,245801
csrf,208327,pial,lh,Self-Intersections (SIF),,-1,287689
csrf,207123,pial,lh,Self-Intersections (SIF),,-1,276476
csrf,200210,pial,lh,Self-Intersections (SIF),,-1,284912
csrf,200311,pial,rh,Chamfer Distance,,0.9274838388770068,
csrf,268749,pial,lh,Self-Intersections (SIF),,-1,278388
csrf,208428,pial,rh,Self-Intersections (SIF),,-1,182160
csrf,206222,pial,lh,Self-Intersections (SIF),,-1,250512
csrf,270332,pial,lh,Self-Intersections (SIF),,-1,296659
csrf,205725,pial,rh,Self-Intersections (SIF),,-1,187177
csrf,237334,pial,rh,Self-Intersections (SIF),,-1,216470
csrf,203721,pial,rh,Chamfer Distance,,0.9565715802437267,
csrf,201414,pial,rh,Chamfer Distance,,0.9312592917996106,
csrf,231928,pial,rh,Chamfer Distance,,0.8742300063017339,
csrf,256540,pial,rh,Chamfer Distance,,0.8725716087545348,
csrf,233326,pial,rh,Chamfer Distance,,0.8819266869784113,
csrf,236130,pial,rh,Chamfer Distance,,0.867357409337826,
csrf,209127,pial,rh,Chamfer Distance,,0.8692622148525081,
csrf,211316,white,lh,Chamfer Distance,,0.7627473401192393,
csrf,201414,pial,rh,Hausdorff Distance,,5.374951517956007,
csrf,212419,pial,rh,Chamfer Distance,,0.8589899836729054,
csrf,220721,pial,rh,Chamfer Distance,,0.8691344963434404,
csrf,221218,pial,rh,Chamfer Distance,,0.9010895574132509,
csrf,205220,pial,rh,Hausdorff Distance,,6.308938530358882,
csrf,214019,pial,rh,Hausdorff Distance,,4.972761768714177,
csrf,233326,pial,rh,Hausdorff Distance,,7.246060420439435,
csrf,211316,white,lh,Hausdorff Distance,,5.003526456447868,
csrf,249947,pial,rh,Hausdorff Distance,,6.851358156346925,
csrf,214221,pial,rh,Hausdorff Distance,,5.162838136415469,
csrf,205220,pial,rh,Self-Intersections (SIF),,-1,214526
csrf,255639,pial,rh,Self-Intersections (SIF),,-1,201789
csrf,285345,pial,rh,Hausdorff Distance,,5.052304568413855,
csrf,211417,pial,rh,Chamfer Distance,,0.8755911709613879,
csrf,211316,white,lh,Self-Intersections (SIF),,-1,199866
csrf,233326,pial,rh,Self-Intersections (SIF),,-1,257911
csrf,209228,pial,rh,Hausdorff Distance,,7.12264305606405,
csrf,214019,pial,rh,Self-Intersections (SIF),,-1,209566
csrf,211215,pial,rh,Chamfer Distance,,0.8541570542576364,
csrf,284646,pial,rh,Chamfer Distance,,0.9102189849200725,
csrf,250427,pial,rh,Hausdorff Distance,,5.244909595512857,
csrf,200614,pial,rh,Chamfer Distance,,0.922579115324173,
csrf,210011,pial,rh,Chamfer Distance,,0.8648491214770664,
csrf,203418,pial,rh,Hausdorff Distance,,6.2493530556413095,
csrf,275645,pial,rh,Hausdorff Distance,,8.674525973957545,
csrf,214726,pial,rh,Chamfer Distance,,0.9042688514922911,
csrf,208226,pial,rh,Hausdorff Distance,,7.280501585981218,
csrf,209329,pial,rh,Self-Intersections (SIF),,-1,203664
csrf,228434,pial,rh,Self-Intersections (SIF),,-1,207477
csrf,200614,pial,rh,Hausdorff Distance,,6.150984182484663,
csrf,200109,pial,rh,Chamfer Distance,,0.8945865815375886,
csrf,203418,pial,rh,Self-Intersections (SIF),,-1,221746
csrf,268850,pial,rh,Hausdorff Distance,,5.798677490008049,
csrf,275645,pial,rh,Self-Intersections (SIF),,-1,213314
csrf,239944,pial,rh,Hausdorff Distance,,7.820326925494655,
csrf,212116,pial,rh,Chamfer Distance,,0.8783472025325871,
csrf,208226,pial,rh,Self-Intersections (SIF),,-1,220500
csrf,210617,pial,rh,Hausdorff Distance,,6.129562847759583,
csrf,263436,pial,rh,Chamfer Distance,,0.8782468207884997,
csrf,280941,pial,rh,Hausdorff Distance,,6.242354060493865,
csrf,224022,white,lh,Chamfer Distance,,0.7578575553592277,
csrf,214625,pial,rh,Self-Intersections (SIF),,-1,236326
csrf,201515,pial,rh,Chamfer Distance,,1.0220249751631854,
csrf,245333,pial,rh,Self-Intersections (SIF),,-1,212664
csrf,200311,pial,rh,Hausdorff Distance,,6.1988214854783825,
csrf,203721,pial,rh,Hausdorff Distance,,5.941547183877595,
csrf,204016,pial,rh,Chamfer Distance,,0.8732507728329489,
csrf,231928,pial,rh,Hausdorff Distance,,9.597835115831932,
csrf,256540,pial,rh,Hausdorff Distance,,4.928823144778975,
csrf,236130,pial,rh,Hausdorff Distance,,5.409514194830079,
csrf,201515,pial,rh,Hausdorff Distance,,8.324113381098975,
csrf,209127,pial,rh,Hausdorff Distance,,5.4988996367623875,
csrf,201414,pial,rh,Self-Intersections (SIF),,-1,218179
csrf,204319,pial,rh,Chamfer Distance,,0.8671878087965051,
csrf,212419,pial,rh,Hausdorff Distance,,5.502925820033894,
csrf,203721,pial,rh,Self-Intersections (SIF),,-1,210851
csrf,200311,pial,rh,Self-Intersections (SIF),,-1,235304
csrf,221218,pial,rh,Hausdorff Distance,,6.608083038520549,
csrf,236130,pial,rh,Self-Intersections (SIF),,-1,232168
csrf,220721,pial,rh,Hausdorff Distance,,5.164607655249895,
csrf,217429,white,lh,Chamfer Distance,,0.7618451263028656,
csrf,204319,pial,rh,Hausdorff Distance,,4.361034511780837,
csrf,248339,pial,rh,Chamfer Distance,,0.9023365378431215,
csrf,209127,pial,rh,Self-Intersections (SIF),,-1,219801
csrf,249947,pial,rh,Self-Intersections (SIF),,-1,220980
csrf,212419,pial,rh,Self-Intersections (SIF),,-1,224927
csrf,214221,pial,rh,Self-Intersections (SIF),,-1,214328
csrf,285345,pial,rh,Self-Intersections (SIF),,-1,215915
csrf,207426,pial,rh,Chamfer Distance,,0.8843551667192826,
csrf,211922,pial,rh,Chamfer Distance,,0.8720002111872751,
csrf,220721,pial,rh,Self-Intersections (SIF),,-1,247249
csrf,211417,pial,rh,Hausdorff Distance,,4.720106445040603,
csrf,204319,pial,rh,Self-Intersections (SIF),,-1,263766
csrf,209228,pial,rh,Self-Intersections (SIF),,-1,237969
csrf,211215,pial,rh,Hausdorff Distance,,6.2140312060643685,
csrf,221319,white,lh,Chamfer Distance,,0.7717033171422127,
csrf,204521,white,lh,Chamfer Distance,,0.7713708596917151,
csrf,284646,pial,rh,Hausdorff Distance,,6.41482743950551,
csrf,210011,pial,rh,Hausdorff Distance,,5.4509788948475215,
csrf,250427,pial,rh,Self-Intersections (SIF),,-1,220969
csrf,212823,pial,rh,Chamfer Distance,,0.8747231465062761,
csrf,200917,pial,rh,Chamfer Distance,,0.8963207223407236,
csrf,214524,pial,rh,Chamfer Distance,,0.8983499329910675,
csrf,214726,pial,rh,Hausdorff Distance,,9.42038291750184,
csrf,200614,pial,rh,Self-Intersections (SIF),,-1,230968
csrf,200109,pial,rh,Hausdorff Distance,,5.9131013816733,
csrf,207628,pial,rh,Chamfer Distance,,0.9148801696086715,
csrf,268850,pial,rh,Self-Intersections (SIF),,-1,230039
csrf,208024,white,lh,Chamfer Distance,,0.7490771479465109,
csrf,239944,pial,rh,Self-Intersections (SIF),,-1,233077
csrf,212116,pial,rh,Hausdorff Distance,,7.283049790695474,
csrf,202113,pial,rh,Chamfer Distance,,0.9695930723300537,
csrf,246133,white,lh,Chamfer Distance,,0.7457428693549895,
csrf,204420,white,lh,Chamfer Distance,,0.7545306129536082,
csrf,210617,pial,rh,Self-Intersections (SIF),,-1,244264
csrf,209935,pial,rh,Chamfer Distance,,0.9097967686198682,
csrf,263436,pial,rh,Hausdorff Distance,,5.4087168306344235,
csrf,224022,white,lh,Hausdorff Distance,,5.331121443459624,
csrf,202113,pial,rh,Hausdorff Distance,,7.128247245555293,
csrf,280941,pial,rh,Self-Intersections (SIF),,-1,231343
csrf,246133,white,lh,Hausdorff Distance,,5.09520455834216,
csrf,204016,pial,rh,Hausdorff Distance,,7.245435481838003,
csrf,231928,pial,rh,Self-Intersections (SIF),,-1,216557
csrf,256540,pial,rh,Self-Intersections (SIF),,-1,216037
csrf,227432,pial,rh,Chamfer Distance,,0.9021622366486121,
csrf,224022,white,lh,Self-Intersections (SIF),,-1,193095
csrf,209935,pial,rh,Hausdorff Distance,,6.913249969778428,
csrf,201515,pial,rh,Self-Intersections (SIF),,-1,247595
csrf,204016,pial,rh,Self-Intersections (SIF),,-1,240905
csrf,257542,pial,rh,Chamfer Distance,,0.8826620295346379,
csrf,214019,white,lh,Chamfer Distance,,0.743643646495667,
csrf,212318,white,lh,Chamfer Distance,,0.7483818793666512,
csrf,221218,pial,rh,Self-Intersections (SIF),,-1,215826
csrf,217429,white,lh,Hausdorff Distance,,4.689265223015927,
csrf,248339,pial,rh,Hausdorff Distance,,5.887482376969881,
csrf,207426,pial,rh,Hausdorff Distance,,6.636372268552681,
csrf,208327,pial,rh,Chamfer Distance,,0.8711172003015246,
csrf,207123,pial,rh,Chamfer Distance,,0.8997526738985969,
csrf,205826,pial,rh,Chamfer Distance,,0.909969061665912,
csrf,211922,pial,rh,Hausdorff Distance,,6.361135680426894,
csrf,211417,pial,rh,Self-Intersections (SIF),,-1,225513
csrf,204521,white,lh,Hausdorff Distance,,4.227295288199141,
csrf,221319,white,lh,Hausdorff Distance,,5.37696986250308,
csrf,208327,pial,rh,Hausdorff Distance,,7.239932361437336,
csrf,211215,pial,rh,Self-Intersections (SIF),,-1,282445
csrf,284646,pial,rh,Self-Intersections (SIF),,-1,233949
csrf,210011,pial,rh,Self-Intersections (SIF),,-1,246553
csrf,212823,pial,rh,Hausdorff Distance,,3.874743932797152,
csrf,200917,pial,rh,Hausdorff Distance,,8.023823299635602,
csrf,214423,pial,rh,Chamfer Distance,,0.8626304900091164,
csrf,201818,white,lh,Chamfer Distance,,0.7490748534134645,
csrf,211720,pial,rh,Chamfer Distance,,0.890681262902655,
csrf,209834,white,lh,Chamfer Distance,,0.793258007142613,
csrf,212823,pial,rh,Self-Intersections (SIF),,-1,248403
csrf,214726,pial,rh,Self-Intersections (SIF),,-1,239143
csrf,202719,pial,rh,Chamfer Distance,,0.8750483045261985,
csrf,204622,white,lh,Chamfer Distance,,0.7469212728602255,
csrf,211114,pial,rh,Chamfer Distance,,0.9102286349701504,
csrf,211720,pial,rh,Hausdorff Distance,,5.591801721474688,
csrf,205725,white,lh,Chamfer Distance,,0.7476412923287573,
csrf,208125,pial,rh,Chamfer Distance,,0.8652013160946801,
csrf,208428,white,lh,Chamfer Distance,,0.7734007028607959,
csrf,212217,white,lh,Chamfer Distance,,0.7487311436038715,
csrf,211114,pial,rh,Hausdorff Distance,,6.577790480282166,
csrf,217126,white,lh,Chamfer Distance,,0.7807242171564828,
csrf,223929,pial,rh,Chamfer Distance,,0.8751388849006994,
csrf,210415,white,lh,Chamfer Distance,,0.7722548935927669,
csrf,201111,pial,rh,Chamfer Distance,,0.8883516770296591,
csrf,211114,pial,rh,Self-Intersections (SIF),,-1,237931
csrf,214524,pial,rh,Hausdorff Distance,,5.472156840945874,
csrf,203923,pial,rh,Chamfer Distance,,0.9294810468434653,
csrf,200008,pial,rh,Chamfer Distance,,0.872232684465523,
csrf,257845,pial,rh,Chamfer Distance,,0.8956018743171363,
csrf,210415,white,lh,Hausdorff Distance,,7.1021081263106955,
csrf,200109,pial,rh,Self-Intersections (SIF),,-1,239677
csrf,280739,white,lh,Chamfer Distance,,0.7483375466218833,
csrf,207628,pial,rh,Hausdorff Distance,,4.655349299035517,
csrf,237334,white,lh,Chamfer Distance,,0.7474727734027333,
csrf,213421,pial,rh,Chamfer Distance,,0.9239401625823302,
csrf,250932,white,lh,Chamfer Distance,,0.7449560419584154,
csrf,283543,pial,rh,Chamfer Distance,,0.8903058448711664,
csrf,211316,white,rh,Chamfer Distance,,0.7635028467716845,
csrf,208024,white,lh,Hausdorff Distance,,3.8320561560914435,
csrf,204420,white,lh,Hausdorff Distance,,3.765515458250112,
csrf,212116,pial,rh,Self-Intersections (SIF),,-1,226326
csrf,263436,pial,rh,Self-Intersections (SIF),,-1,241011
csrf,202113,pial,rh,Self-Intersections (SIF),,-1,249768
csrf,205119,pial,rh,Chamfer Distance,,0.8813948704884123,
csrf,255639,white,lh,Chamfer Distance,,0.7876751970962935,
csrf,246133,white,lh,Self-Intersections (SIF),,-1,209860
csrf,205220,white,lh,Chamfer Distance,,0.7508769848874416,
csrf,209935,pial,rh,Self-Intersections (SIF),,-1,246673
csrf,205119,pial,rh,Hausdorff Distance,,7.325368342638379,
csrf,212015,pial,rh,Chamfer Distance,,0.8866871905009122,
csrf,227432,pial,rh,Hausdorff Distance,,6.4791913005272095,
csrf,201717,pial,rh,Chamfer Distance,,0.867954766964567,
csrf,205220,white,lh,Hausdorff Distance,,5.43287668528569,
csrf,251833,pial,rh,Chamfer Distance,,0.8673244180866326,
csrf,206222,pial,rh,Chamfer Distance,,0.8921873751845232,
csrf,268749,pial,rh,Chamfer Distance,,0.8959144900102674,
csrf,250427,white,lh,Chamfer Distance,,0.7424141655760009,
csrf,214221,white,lh,Chamfer Distance,,0.772089466921013,
csrf,270332,pial,rh,Chamfer Distance,,0.8695162495439126,
csrf,227432,pial,rh,Self-Intersections (SIF),,-1,231330
csrf,200210,pial,rh,Chamfer Distance,,0.9196244718685674,
csrf,257542,pial,rh,Hausdorff Distance,,6.441399367035938,
csrf,200311,white,lh,Chamfer Distance,,0.7776387827524505,
csrf,214019,white,lh,Hausdorff Distance,,3.963907810278031,
csrf,214221,white,lh,Hausdorff Distance,,4.307481544460735,
csrf,212318,white,lh,Hausdorff Distance,,3.3255196734357004,
csrf,217429,white,lh,Self-Intersections (SIF),,-1,215245
csrf,200210,pial,rh,Hausdorff Distance,,6.68944848675997,
csrf,248339,pial,rh,Self-Intersections (SIF),,-1,240458
csrf,207123,pial,rh,Hausdorff Distance,,5.04011647369488,
csrf,214019,white,lh,Self-Intersections (SIF),,-1,209856
csrf,257542,pial,rh,Self-Intersections (SIF),,-1,239290
csrf,207426,pial,rh,Self-Intersections (SIF),,-1,224675
csrf,205826,pial,rh,Hausdorff Distance,,6.296875070884582,
csrf,233326,white,lh,Chamfer Distance,,0.7543406874858767,
csrf,200210,pial,rh,Self-Intersections (SIF),,-1,287215
csrf,211922,pial,rh,Self-Intersections (SIF),,-1,225534
csrf,208327,pial,rh,Self-Intersections (SIF),,-1,296265
csrf,221319,white,lh,Self-Intersections (SIF),,-1,205458
csrf,204521,white,lh,Self-Intersections (SIF),,-1,198808
csrf,200917,pial,rh,Self-Intersections (SIF),,-1,238260
csrf,200614,white,lh,Chamfer Distance,,0.7606153057950684,
csrf,231928,white,lh,Chamfer Distance,,0.7528747695764423,
csrf,214423,pial,rh,Hausdorff Distance,,6.4662849081860045,
csrf,201818,white,lh,Hausdorff Distance,,4.201437268997298,
csrf,209834,white,lh,Hausdorff Distance,,5.339273786862683,
csrf,202719,pial,rh,Hausdorff Distance,,5.2499456874038595,
csrf,204622,white,lh,Hausdorff Distance,,4.822674317058384,
csrf,203418,white,lh,Chamfer Distance,,0.7441267861226548,
csrf,214625,white,lh,Chamfer Distance,,0.757793988808293,
csrf,201818,white,lh,Self-Intersections (SIF),,-1,203800
csrf,209329,white,lh,Chamfer Distance,,0.7543301782372585,
csrf,228434,white,lh,Chamfer Distance,,0.7404189163718005,
csrf,221218,white,lh,Chamfer Distance,,0.7709262751968393,
csrf,214726,white,lh,Chamfer Distance,,0.7556798758580384,
csrf,245333,white,lh,Chamfer Distance,,0.7507753118545019,
csrf,211720,pial,rh,Self-Intersections (SIF),,-1,268800
csrf,208226,white,lh,Chamfer Distance,,0.7447084156481946,
csrf,275645,white,lh,Chamfer Distance,,0.7555296815266082,
csrf,205725,white,lh,Hausdorff Distance,,4.966625892393199,
csrf,208125,pial,rh,Hausdorff Distance,,5.0264072642634146,
csrf,212217,white,lh,Hausdorff Distance,,2.9807939327841413,
csrf,217126,white,lh,Hausdorff Distance,,9.594037577552307,
csrf,208226,white,lh,Hausdorff Distance,,4.044431998851751,
csrf,208428,white,lh,Hausdorff Distance,,3.9331131682650646,
csrf,211215,white,lh,Chamfer Distance,,0.7402113146949814,
csrf,275645,white,lh,Hausdorff Distance,,4.880970629971854,
csrf,223929,pial,rh,Hausdorff Distance,,7.742396369815866,
csrf,201111,pial,rh,Hausdorff Distance,,5.040496176651646,
csrf,214524,pial,rh,Self-Intersections (SIF),,-1,248415
csrf,217126,white,lh,Self-Intersections (SIF),,-1,223656
csrf,203923,pial,rh,Hausdorff Distance,,4.345043907829936,
csrf,200008,pial,rh,Hausdorff Distance,,5.848992647211444,
csrf,210415,white,lh,Self-Intersections (SIF),,-1,199464
csrf,257845,pial,rh,Hausdorff Distance,,7.067480144569013,
csrf,201111,pial,rh,Self-Intersections (SIF),,-1,240947
csrf,280739,white,lh,Hausdorff Distance,,3.463665111683496,
csrf,201414,white,lh,Chamfer Distance,,0.7858111470512879,
csrf,207628,pial,rh,Self-Intersections (SIF),,-1,258645
csrf,213421,pial,rh,Hausdorff Distance,,5.694992308498828,
csrf,237334,white,lh,Hausdorff Distance,,5.107101568711702,
csrf,211316,white,rh,Hausdorff Distance,,4.082078536430771,
csrf,257845,pial,rh,Self-Intersections (SIF),,-1,243410
csrf,250932,white,lh,Hausdorff Distance,,4.865683863549667,
csrf,283543,pial,rh,Hausdorff Distance,,6.897196746145972,
csrf,204420,white,lh,Self-Intersections (SIF),,-1,194209
csrf,208024,white,lh,Self-Intersections (SIF),,-1,197777
csrf,255639,white,lh,Hausdorff Distance,,5.300895115101239,
csrf,205119,pial,rh,Self-Intersections (SIF),,-1,253529
csrf,203721,white,lh,Chamfer Distance,,0.7653135582259666,
csrf,209127,white,lh,Chamfer Distance,,0.7500326757892632,
csrf,212015,pial,rh,Hausdorff Distance,,4.428183733868053,
csrf,205220,white,lh,Self-Intersections (SIF),,-1,212232
csrf,285345,white,lh,Chamfer Distance,,0.7575842450370069,
csrf,249947,white,lh,Chamfer Distance,,0.7480029527888574,
csrf,236130,white,lh,Chamfer Distance,,0.7434940078397647,
csrf,201717,pial,rh,Hausdorff Distance,,5.545639042978095,
csrf,212015,pial,rh,Self-Intersections (SIF),,-1,255600
csrf,212419,white,lh,Chamfer Distance,,0.7497152231205431,
csrf,251833,pial,rh,Hausdorff Distance,,5.694787950384874,
csrf,285345,white,lh,Hausdorff Distance,,3.3594166484753845,
csrf,206222,pial,rh,Hausdorff Distance,,4.800146366465232,
csrf,250427,white,lh,Hausdorff Distance,,4.411531254613118,
csrf,268749,pial,rh,Hausdorff Distance,,6.21965236489292,
csrf,270332,pial,rh,Hausdorff Distance,,5.846960046614521,
csrf,236130,white,lh,Hausdorff Distance,,4.074803577373344,
csrf,200311,white,lh,Hausdorff Distance,,5.150007057381713,
csrf,214221,white,lh,Self-Intersections (SIF),,-1,214127
csrf,209228,white,lh,Chamfer Distance,,0.750860784421325,
csrf,212318,white,lh,Self-Intersections (SIF),,-1,208759
csrf,207123,pial,rh,Self-Intersections (SIF),,-1,277198
csrf,205826,pial,rh,Self-Intersections (SIF),,-1,244666
csrf,270332,pial,rh,Self-Intersections (SIF),,-1,300079
csrf,200311,white,lh,Self-Intersections (SIF),,-1,230863
csrf,236130,white,lh,Self-Intersections (SIF),,-1,231676
csrf,220721,white,lh,Chamfer Distance,,0.7491729122165687,
csrf,204319,white,lh,Chamfer Distance,,0.74281001000649,
csrf,224022,white,rh,Chamfer Distance,,0.7627158748985294,
csrf,233326,white,lh,Hausdorff Distance,,5.120300976126388,
csrf,268850,white,lh,Chamfer Distance,,0.7579111836634252,
csrf,200614,white,lh,Hausdorff Distance,,4.063504533253335,
csrf,231928,white,lh,Hausdorff Distance,,4.9192117851788755,
csrf,220721,white,lh,Hausdorff Distance,,4.448744009710169,
csrf,280941,white,lh,Chamfer Distance,,0.7607013304014403,
csrf,202719,pial,rh,Self-Intersections (SIF),,-1,242213
csrf,256540,white,lh,Chamfer Distance,,0.7499351917836505,
csrf,284646,white,lh,Chamfer Distance,,0.7658513637998833,
csrf,200614,white,lh,Self-Intersections (SIF),,-1,228420
csrf,210011,white,lh,Chamfer Distance,,0.7683726223799512,
csrf,204016,white,lh,Chamfer Distance,,0.7371427106385293,
csrf,280941,white,lh,Hausdorff Distance,,7.8633802026593855,
csrf,220721,white,lh,Self-Intersections (SIF),,-1,245151
csrf,211417,white,lh,Chamfer Distance,,0.7568780417231984,
csrf,201515,white,lh,Chamfer Distance,,0.7835701965839474,
csrf,239944,white,lh,Chamfer Distance,,0.7409609794787746,
csrf,204622,white,lh,Self-Intersections (SIF),,-1,243380
csrf,210011,white,lh,Hausdorff Distance,,6.1274247192565685,
csrf,214423,pial,rh,Self-Intersections (SIF),,-1,292984
csrf,280941,white,lh,Self-Intersections (SIF),,-1,233980
csrf,210617,white,lh,Chamfer Distance,,0.7687812571761241,
csrf,209834,white,lh,Self-Intersections (SIF),,-1,203853
csrf,203418,white,lh,Hausdorff Distance,,4.44002514953601,
csrf,214625,white,lh,Hausdorff Distance,,6.295744562006994,
csrf,210011,white,lh,Self-Intersections (SIF),,-1,249832
csrf,239944,white,lh,Hausdorff Distance,,4.0717282168827165,
csrf,212823,white,lh,Chamfer Distance,,0.7648775992080588,
csrf,214726,white,lh,Hausdorff Distance,,4.0912671935774165,
csrf,210617,white,lh,Hausdorff Distance,,5.444343017392903,
csrf,221218,white,lh,Hausdorff Distance,,6.07126445367004,
csrf,209329,white,lh,Hausdorff Distance,,3.4959585595382765,
csrf,214625,white,lh,Self-Intersections (SIF),,-1,237062
csrf,245333,white,lh,Hausdorff Distance,,3.228149955599622,
csrf,228434,white,lh,Hausdorff Distance,,3.688761350101975,
csrf,205725,white,lh,Self-Intersections (SIF),,-1,188079
csrf,208125,pial,rh,Self-Intersections (SIF),,-1,234534
csrf,209329,white,lh,Self-Intersections (SIF),,-1,204920
csrf,221218,white,lh,Self-Intersections (SIF),,-1,211518
csrf,208226,white,lh,Self-Intersections (SIF),,-1,218469
csrf,208428,white,lh,Self-Intersections (SIF),,-1,178286
csrf,211215,white,lh,Hausdorff Distance,,6.6874809626849245,
csrf,212217,white,lh,Self-Intersections (SIF),,-1,212238
csrf,228434,white,lh,Self-Intersections (SIF),,-1,210163
csrf,275645,white,lh,Self-Intersections (SIF),,-1,215103
csrf,223929,pial,rh,Self-Intersections (SIF),,-1,332885
csrf,200008,pial,rh,Self-Intersections (SIF),,-1,215985
csrf,203923,pial,rh,Self-Intersections (SIF),,-1,249453
csrf,201414,white,lh,Hausdorff Distance,,6.498622350751086,
csrf,280739,white,lh,Self-Intersections (SIF),,-1,207253
csrf,211215,white,lh,Self-Intersections (SIF),,-1,279121
csrf,213421,pial,rh,Self-Intersections (SIF),,-1,251927
csrf,237334,white,lh,Self-Intersections (SIF),,-1,215007
csrf,211316,white,rh,Self-Intersections (SIF),,-1,195514
csrf,250932,white,lh,Self-Intersections (SIF),,-1,210290
csrf,283543,pial,rh,Self-Intersections (SIF),,-1,245620
csrf,214019,white,rh,Chamfer Distance,,0.7447053949499411,
csrf,255639,white,lh,Self-Intersections (SIF),,-1,201630
csrf,203721,white,lh,Hausdorff Distance,,4.299400221451543,
csrf,209935,white,lh,Chamfer Distance,,0.7568796023490465,
csrf,209127,white,lh,Hausdorff Distance,,6.342315900197987,
csrf,249947,white,lh,Hausdorff Distance,,4.453406473198221,
csrf,204521,white,rh,Chamfer Distance,,0.7749206319798174,
csrf,201717,pial,rh,Self-Intersections (SIF),,-1,263269
csrf,285345,white,lh,Self-Intersections (SIF),,-1,212317
csrf,212419,white,lh,Hausdorff Distance,,5.365453518616091,
csrf,202113,white,lh,Chamfer Distance,,0.7724762289764657,
csrf,209935,white,lh,Hausdorff Distance,,4.133738432764672,
csrf,248339,white,lh,Chamfer Distance,,0.7713011206574439,
csrf,251833,pial,rh,Self-Intersections (SIF),,-1,270175
csrf,250427,white,lh,Self-Intersections (SIF),,-1,212441
csrf,200210,white,lh,Chamfer Distance,,0.7879217723960121,
csrf,214524,white,lh,Chamfer Distance,,0.7509994202466546,
csrf,205220,white,rh,Chamfer Distance,,0.7514263869008975,
csrf,206222,pial,rh,Self-Intersections (SIF),,-1,254466
csrf,202113,white,lh,Hausdorff Distance,,3.7040258966089876,
csrf,248339,white,lh,Hausdorff Distance,,4.1715500827133125,
csrf,211720,white,lh,Chamfer Distance,,0.7575378998084095,
csrf,211114,white,lh,Chamfer Distance,,0.7693536164003052,
csrf,268749,pial,rh,Self-Intersections (SIF),,-1,281987
csrf,209228,white,lh,Hausdorff Distance,,4.323722055850896,
csrf,204319,white,lh,Hausdorff Distance,,3.9931945550119115,
csrf,200210,white,lh,Hausdorff Distance,,8.501034139804775,
csrf,224022,white,rh,Hausdorff Distance,,5.658683946249923,
csrf,268850,white,lh,Hausdorff Distance,,4.732967846470344,
csrf,214221,white,rh,Chamfer Distance,,0.774476791708392,
csrf,233326,white,lh,Self-Intersections (SIF),,-1,256157
csrf,231928,white,lh,Self-Intersections (SIF),,-1,215157
csrf,256540,white,lh,Hausdorff Distance,,3.9539931821330785,
csrf,284646,white,lh,Hausdorff Distance,,5.862150328567267,
csrf,212015,white,lh,Chamfer Distance,,0.7640937452757153,
csrf,204016,white,lh,Hausdorff Distance,,3.946897798026394,
csrf,214221,white,rh,Hausdorff Distance,,5.072788062147765,
csrf,201515,white,lh,Hausdorff Distance,,10.174793121033806,
csrf,211417,white,lh,Hausdorff Distance,,6.598493022801676,
csrf,203418,white,lh,Self-Intersections (SIF),,-1,221963
csrf,239944,white,lh,Self-Intersections (SIF),,-1,237092
csrf,284646,white,lh,Self-Intersections (SIF),,-1,230603
csrf,212823,white,lh,Hausdorff Distance,,7.299663814299872,
csrf,214726,white,lh,Self-Intersections (SIF),,-1,243988
csrf,210617,white,lh,Self-Intersections (SIF),,-1,245739
csrf,246133,white,rh,Chamfer Distance,,0.7614105294735314,
csrf,245333,white,lh,Self-Intersections (SIF),,-1,210009
csrf,212116,white,lh,Chamfer Distance,,0.7534851143813813,
csrf,201414,white,lh,Self-Intersections (SIF),,-1,214250
csrf,200109,white,lh,Chamfer Distance,,0.755020852386401,
csrf,217429,white,rh,Chamfer Distance,,0.7600189740978494,
csrf,263436,white,lh,Chamfer Distance,,0.7521507588323841,
csrf,227432,white,lh,Chamfer Distance,,0.7805474025478936,
csrf,246133,white,rh,Hausdorff Distance,,5.116812243340453,
csrf,207426,white,lh,Chamfer Distance,,0.7536517444159628,
csrf,203721,white,lh,Self-Intersections (SIF),,-1,206976
csrf,257542,white,lh,Chamfer Distance,,0.766698008071413,
csrf,214019,white,rh,Hausdorff Distance,,3.6741343663445742,
csrf,221319,white,rh,Chamfer Distance,,0.769389848513413,
csrf,211922,white,lh,Chamfer Distance,,0.7463541971712795,
csrf,246133,white,rh,Self-Intersections (SIF),,-1,209779
csrf,200917,white,lh,Chamfer Distance,,0.8051555055525113,
csrf,201818,white,rh,Chamfer Distance,,0.7522275151601046,
csrf,217126,white,rh,Chamfer Distance,,0.758580568030311,
csrf,210415,white,rh,Chamfer Distance,,0.7714842477702942,
csrf,204521,white,rh,Hausdorff Distance,,3.628257125655688,
csrf,211922,white,lh,Hausdorff Distance,,4.433077327208849,
csrf,204420,white,rh,Chamfer Distance,,0.7600598792968227,
csrf,208327,white,lh,Chamfer Distance,,0.7403819764130422,
csrf,249947,white,lh,Self-Intersections (SIF),,-1,219357
csrf,208024,white,rh,Chamfer Distance,,0.7541202776073552,
csrf,201818,white,rh,Hausdorff Distance,,5.007065969126704,
csrf,209127,white,lh,Self-Intersections (SIF),,-1,218401
csrf,211922,white,lh,Self-Intersections (SIF),,-1,225136
csrf,209935,white,lh,Self-Intersections (SIF),,-1,248527
csrf,212419,white,lh,Self-Intersections (SIF),,-1,228648
csrf,208024,white,rh,Hausdorff Distance,,5.1734829153931985,
csrf,214524,white,lh,Hausdorff Distance,,8.010879927570342,
csrf,257845,white,lh,Chamfer Distance,,0.7457937358001987,
csrf,202113,white,lh,Self-Intersections (SIF),,-1,246135
csrf,207628,white,lh,Chamfer Distance,,0.7862584755097825,
csrf,212318,white,rh,Chamfer Distance,,0.7451465537396009,
csrf,205220,white,rh,Hausdorff Distance,,3.7296930913910837,
csrf,248339,white,lh,Self-Intersections (SIF),,-1,237185
csrf,211720,white,lh,Hausdorff Distance,,6.0526367362736515,
csrf,211114,white,lh,Hausdorff Distance,,6.216007311479575,
csrf,209228,white,lh,Self-Intersections (SIF),,-1,236722
csrf,201111,white,lh,Chamfer Distance,,0.7626598367667161,
csrf,205119,white,lh,Chamfer Distance,,0.7935575279607407,
csrf,204319,white,lh,Self-Intersections (SIF),,-1,258264
csrf,236130,white,rh,Chamfer Distance,,0.7487110108658146,
csrf,200311,white,rh,Chamfer Distance,,0.7775278312068574,
csrf,200210,white,lh,Self-Intersections (SIF),,-1,284545
csrf,224022,white,rh,Self-Intersections (SIF),,-1,196508
csrf,201111,white,lh,Hausdorff Distance,,5.32906770542661,
csrf,268850,white,lh,Self-Intersections (SIF),,-1,232077
csrf,256540,white,lh,Self-Intersections (SIF),,-1,214918
csrf,205826,white,lh,Chamfer Distance,,0.7920822861195403,
csrf,212015,white,lh,Hausdorff Distance,,3.9579544888875318,
csrf,214221,white,rh,Self-Intersections (SIF),,-1,214108
csrf,204016,white,lh,Self-Intersections (SIF),,-1,241035
csrf,201111,white,lh,Self-Intersections (SIF),,-1,239753
csrf,201515,white,lh,Self-Intersections (SIF),,-1,253372
csrf,211417,white,lh,Self-Intersections (SIF),,-1,225207
csrf,212823,white,lh,Self-Intersections (SIF),,-1,247275
csrf,200109,white,lh,Hausdorff Distance,,4.261847309818346,
csrf,202719,white,lh,Chamfer Distance,,0.7347147990807594,
csrf,212116,white,lh,Hausdorff Distance,,4.846495953730189,
csrf,263436,white,lh,Hausdorff Distance,,5.286207679993439,
csrf,209834,white,rh,Chamfer Distance,,0.785659119083151,
csrf,212015,white,lh,Self-Intersections (SIF),,-1,250663
csrf,217429,white,rh,Hausdorff Distance,,4.927914722092144,
csrf,207123,white,lh,Chamfer Distance,,0.7605184780250992,
csrf,227432,white,lh,Hausdorff Distance,,4.848435835760804,
csrf,207426,white,lh,Hausdorff Distance,,7.015213130354294,
csrf,263436,white,lh,Self-Intersections (SIF),,-1,240384
csrf,257542,white,lh,Hausdorff Distance,,7.006692192845638,
csrf,214019,white,rh,Self-Intersections (SIF),,-1,209741
csrf,221319,white,rh,Hausdorff Distance,,3.957111316488903,
csrf,200917,white,lh,Hausdorff Distance,,8.132406671171331,
csrf,227432,white,lh,Self-Intersections (SIF),,-1,230721
csrf,217126,white,rh,Hausdorff Distance,,3.910091192597901,
csrf,204521,white,rh,Self-Intersections (SIF),,-1,199164
csrf,210415,white,rh,Hausdorff Distance,,4.386483692701573,
csrf,257542,white,lh,Self-Intersections (SIF),,-1,238779
csrf,204420,white,rh,Hausdorff Distance,,6.9862702462817055,
csrf,208327,white,lh,Hausdorff Distance,,4.192547073824805,
csrf,201818,white,rh,Self-Intersections (SIF),,-1,201695
csrf,208024,white,rh,Self-Intersections (SIF),,-1,199168
csrf,217126,white,rh,Self-Intersections (SIF),,-1,226374
csrf,200614,white,rh,Chamfer Distance,,0.7725309674038604,
csrf,204420,white,rh,Self-Intersections (SIF),,-1,197029
csrf,214524,white,lh,Self-Intersections (SIF),,-1,243732
csrf,257845,white,lh,Hausdorff Distance,,3.455555913177775,
csrf,207628,white,lh,Hausdorff Distance,,5.137987926042142,
csrf,212318,white,rh,Hausdorff Distance,,2.695912619457827,
csrf,203418,white,rh,Chamfer Distance,,0.7552617841200288,
csrf,211215,white,rh,Chamfer Distance,,0.7358606537217968,
csrf,205220,white,rh,Self-Intersections (SIF),,-1,214679
csrf,211720,white,lh,Self-Intersections (SIF),,-1,270029
csrf,270332,white,lh,Chamfer Distance,,0.7655929235122471,
csrf,211114,white,lh,Self-Intersections (SIF),,-1,238154
csrf,205119,white,lh,Hausdorff Distance,,4.1934851614482564,
csrf,236130,white,rh,Hausdorff Distance,,4.684209557267455,
csrf,203418,white,rh,Hausdorff Distance,,4.340446927190057,
csrf,211215,white,rh,Hausdorff Distance,,5.6305731866695,
csrf,212318,white,rh,Self-Intersections (SIF),,-1,211461
csrf,200311,white,rh,Hausdorff Distance,,6.675791512027118,
csrf,205826,white,lh,Hausdorff Distance,,5.678499756338609,
csrf,200109,white,lh,Self-Intersections (SIF),,-1,236397
csrf,202719,white,lh,Hausdorff Distance,,4.4723258176792315,
csrf,212116,white,lh,Self-Intersections (SIF),,-1,224260
csrf,211215,white,rh,Self-Intersections (SIF),,-1,282418
csrf,204622,white,rh,Chamfer Distance,,0.7488764928501153,
csrf,205725,white,rh,Chamfer Distance,,0.7491864963704785,
csrf,280941,white,rh,Chamfer Distance,,0.7504951349581603,
csrf,208428,white,rh,Chamfer Distance,,0.7716049475380362,
csrf,220721,white,rh,Chamfer Distance,,0.7443807765831336,
csrf,209329,white,rh,Chamfer Distance,,0.7596485305722576,
csrf,209834,white,rh,Hausdorff Distance,,6.230149076838622,
csrf,205725,white,rh,Hausdorff Distance,,3.8369992472007706,
csrf,228434,white,rh,Chamfer Distance,,0.7372586795904571,
csrf,214625,white,rh,Chamfer Distance,,0.7519295941097957,
csrf,280941,white,rh,Hausdorff Distance,,5.6398707519691005,
csrf,212217,white,rh,Chamfer Distance,,0.7517703971282481,
csrf,210011,white,rh,Chamfer Distance,,0.7634633655161904,
csrf,250932,white,rh,Chamfer Distance,,0.7437167668593792,
csrf,221218,white,rh,Chamfer Distance,,0.7712129171879475,
csrf,237334,white,rh,Chamfer Distance,,0.7508887196466076,
csrf,209834,white,rh,Self-Intersections (SIF),,-1,202583
csrf,208125,white,lh,Chamfer Distance,,0.7434477074057764,
csrf,212217,white,rh,Hausdorff Distance,,2.7192533596942767,
csrf,280739,white,rh,Chamfer Distance,,0.7560573916885267,
csrf,275645,white,rh,Chamfer Distance,,0.7642756171752458,
csrf,210011,white,rh,Hausdorff Distance,,3.3605852269115695,
csrf,208226,white,rh,Chamfer Distance,,0.7479727515976216,
csrf,221218,white,rh,Hausdorff Distance,,6.308328000896501,
csrf,255639,white,rh,Chamfer Distance,,0.7866130671852274,
csrf,209935,white,rh,Chamfer Distance,,0.7550370845628305,
csrf,212419,white,rh,Chamfer Distance,,0.7410299121124848,
csrf,208125,white,lh,Hausdorff Distance,,4.414291346505616,
csrf,217429,white,rh,Self-Intersections (SIF),,-1,214914
csrf,275645,white,rh,Hausdorff Distance,,5.593285720705844,
csrf,207123,white,lh,Hausdorff Distance,,7.541062072151004,
csrf,200008,white,lh,Chamfer Distance,,0.7539615966271151,
csrf,207426,white,lh,Self-Intersections (SIF),,-1,225742
csrf,285345,white,rh,Chamfer Distance,,0.7546602313656754,
csrf,250427,white,rh,Chamfer Distance,,0.7468007497139901,
csrf,203923,white,lh,Chamfer Distance,,0.75926822131444,
csrf,214423,white,lh,Chamfer Distance,,0.7841673195595444,
csrf,213421,white,lh,Chamfer Distance,,0.7630237690054086,
csrf,221319,white,rh,Self-Intersections (SIF),,-1,210758
csrf,200917,white,lh,Self-Intersections (SIF),,-1,234015
csrf,283543,white,lh,Chamfer Distance,,0.7441869840574653,
csrf,210415,white,rh,Self-Intersections (SIF),,-1,197526
csrf,250427,white,rh,Hausdorff Distance,,4.18709395841672,
csrf,208327,white,lh,Self-Intersections (SIF),,-1,286532
csrf,214726,white,rh,Chamfer Distance,,0.7653465701476916,
csrf,213421,white,lh,Hausdorff Distance,,5.543982328033477,
csrf,268749,white,lh,Chamfer Distance,,0.7756113912331005,
csrf,206222,white,lh,Chamfer Distance,,0.7616229827915008,
csrf,231928,white,rh,Chamfer Distance,,0.7696555239478529,
csrf,201717,white,lh,Chamfer Distance,,0.7634978721372478,
csrf,283543,white,lh,Hausdorff Distance,,3.406193430324215,
csrf,250427,white,rh,Self-Intersections (SIF),,-1,219758
csrf,210617,white,rh,Chamfer Distance,,0.7657677684099284,
csrf,201414,white,rh,Chamfer Distance,,0.7641518711545666,
csrf,203721,white,rh,Chamfer Distance,,0.7755529346435089,
csrf,214726,white,rh,Hausdorff Distance,,5.630416665610069,
csrf,245333,white,rh,Chamfer Distance,,0.7543103714945647,
csrf,239944,white,rh,Chamfer Distance,,0.7575714588101431,
csrf,223929,white,lh,Chamfer Distance,,0.7686492657993803,
csrf,201414,white,rh,Hausdorff Distance,,5.747888235042736,
csrf,284646,white,rh,Chamfer Distance,,0.769905235573155,
csrf,200614,white,rh,Hausdorff Distance,,5.14582462397261,
csrf,214726,white,rh,Self-Intersections (SIF),,-1,239051
csrf,233326,white,rh,Chamfer Distance,,0.7575911634884285,
csrf,201515,white,rh,Chamfer Distance,,0.7783134180899689,
csrf,256540,white,rh,Chamfer Distance,,0.7725326583182435,
csrf,251833,white,lh,Chamfer Distance,,0.7534344018217192,
csrf,257845,white,lh,Self-Intersections (SIF),,-1,244863
csrf,200614,white,rh,Self-Intersections (SIF),,-1,231135
csrf,207628,white,lh,Self-Intersections (SIF),,-1,260839
csrf,270332,white,lh,Hausdorff Distance,,4.747006517797854,
csrf,284646,white,rh,Hausdorff Distance,,5.1262804515037494,
csrf,205119,white,lh,Self-Intersections (SIF),,-1,251520
csrf,256540,white,rh,Hausdorff Distance,,5.604801001561113,
csrf,203418,white,rh,Self-Intersections (SIF),,-1,221057
csrf,236130,white,rh,Self-Intersections (SIF),,-1,232222
csrf,200311,white,rh,Self-Intersections (SIF),,-1,235680
csrf,205826,white,lh,Self-Intersections (SIF),,-1,243970
csrf,202719,white,lh,Self-Intersections (SIF),,-1,241855
csrf,204622,white,rh,Hausdorff Distance,,3.8833410043692727,
csrf,220721,white,rh,Hausdorff Distance,,3.70344835330161,
csrf,208428,white,rh,Hausdorff Distance,,6.889229503951705,
csrf,209329,white,rh,Hausdorff Distance,,3.7072987445938104,
csrf,249947,white,rh,Chamfer Distance,,0.7577777269296668,
csrf,211922,white,rh,Chamfer Distance,,0.7531410932725771,
csrf,204622,white,rh,Self-Intersections (SIF),,-1,243492
csrf,205725,white,rh,Self-Intersections (SIF),,-1,186403
csrf,280941,white,rh,Self-Intersections (SIF),,-1,231922
csrf,249947,white,rh,Hausdorff Distance,,7.596840700367795,
csrf,228434,white,rh,Hausdorff Distance,,3.8135720688218693,
csrf,214625,white,rh,Hausdorff Distance,,4.985578598101996,
csrf,209127,white,rh,Chamfer Distance,,0.7434207616425903,
csrf,250932,white,rh,Hausdorff Distance,,3.390044354695357,
csrf,237334,white,rh,Hausdorff Distance,,4.369361863902318,
csrf,280739,white,rh,Hausdorff Distance,,4.690751105566916,
csrf,212217,white,rh,Self-Intersections (SIF),,-1,213659
csrf,210011,white,rh,Self-Intersections (SIF),,-1,246380
csrf,209127,white,rh,Hausdorff Distance,,3.911698429476863,
csrf,208226,white,rh,Hausdorff Distance,,5.275371735957582,
csrf,209935,white,rh,Hausdorff Distance,,3.0593800079244353,
csrf,250932,white,rh,Self-Intersections (SIF),,-1,213255
csrf,221218,white,rh,Self-Intersections (SIF),,-1,215684
csrf,212419,white,rh,Hausdorff Distance,,3.4274941172270372,
csrf,275645,white,rh,Self-Intersections (SIF),,-1,213286
csrf,208125,white,lh,Self-Intersections (SIF),,-1,235363
csrf,255639,white,rh,Hausdorff Distance,,3.852023760622777,
csrf,200008,white,lh,Hausdorff Distance,,5.575282740517109,
csrf,207123,white,lh,Self-Intersections (SIF),,-1,275100
csrf,203923,white,lh,Hausdorff Distance,,5.035470199288184,
csrf,285345,white,rh,Hausdorff Distance,,4.183974795600825,
csrf,214423,white,lh,Hausdorff Distance,,8.91383178026769,
csrf,213421,white,lh,Self-Intersections (SIF),,-1,249678
csrf,268749,white,lh,Hausdorff Distance,,4.154252947072809,
csrf,201717,white,lh,Hausdorff Distance,,5.74549579572429,
csrf,231928,white,rh,Hausdorff Distance,,8.214822645257689,
csrf,206222,white,lh,Hausdorff Distance,,5.02089399392715,
csrf,283543,white,lh,Self-Intersections (SIF),,-1,244753
csrf,210617,white,rh,Hausdorff Distance,,4.149220925335844,
csrf,203721,white,rh,Hausdorff Distance,,3.357091101019995,
csrf,204319,white,rh,Chamfer Distance,,0.7397860792211929,
csrf,268749,white,lh,Self-Intersections (SIF),,-1,277571
csrf,202113,white,rh,Chamfer Distance,,0.7776728486365643,
csrf,204016,white,rh,Chamfer Distance,,0.7408147500553628,
csrf,248339,white,rh,Chamfer Distance,,0.7747584210191085,
csrf,223929,white,lh,Hausdorff Distance,,5.557045145080261,
csrf,239944,white,rh,Hausdorff Distance,,5.120861412026373,
csrf,209228,white,rh,Chamfer Distance,,0.7509495164497383,
csrf,201414,white,rh,Self-Intersections (SIF),,-1,217679
csrf,211417,white,rh,Chamfer Distance,,0.7500827095227636,
csrf,268850,white,rh,Chamfer Distance,,0.7569567746528367,
csrf,245333,white,rh,Hausdorff Distance,,3.4951571446374987,
csrf,201515,white,rh,Hausdorff Distance,,6.4556882918275456,
csrf,233326,white,rh,Hausdorff Distance,,6.799454290615711,
csrf,251833,white,lh,Hausdorff Distance,,4.766027947730211,
csrf,270332,white,lh,Self-Intersections (SIF),,-1,294893
csrf,284646,white,rh,Self-Intersections (SIF),,-1,233430
csrf,256540,white,rh,Self-Intersections (SIF),,-1,215724
csrf,220721,white,rh,Self-Intersections (SIF),,-1,247272
csrf,208428,white,rh,Self-Intersections (SIF),,-1,181204
csrf,209329,white,rh,Self-Intersections (SIF),,-1,202784
csrf,211922,white,rh,Hausdorff Distance,,6.663952140704812,
csrf,268850,white,rh,Hausdorff Distance,,3.725911959263717,
csrf,249947,white,rh,Self-Intersections (SIF),,-1,220213
csrf,211417,white,rh,Hausdorff Distance,,3.828079669916972,
csrf,228434,white,rh,Self-Intersections (SIF),,-1,207080
csrf,214625,white,rh,Self-Intersections (SIF),,-1,235298
csrf,237334,white,rh,Self-Intersections (SIF),,-1,216190
csrf,268850,white,rh,Self-Intersections (SIF),,-1,229950
csrf,212823,white,rh,Chamfer Distance,,0.7577410894619343,
csrf,280739,white,rh,Self-Intersections (SIF),,-1,207733
csrf,211922,white,rh,Self-Intersections (SIF),,-1,225607
csrf,209127,white,rh,Self-Intersections (SIF),,-1,219787
csrf,209935,white,rh,Self-Intersections (SIF),,-1,246927
csrf,208226,white,rh,Self-Intersections (SIF),,-1,220336
csrf,212419,white,rh,Self-Intersections (SIF),,-1,225074
csrf,211417,white,rh,Self-Intersections (SIF),,-1,225348
csrf,255639,white,rh,Self-Intersections (SIF),,-1,201531
csrf,200008,white,lh,Self-Intersections (SIF),,-1,215299
csrf,263436,white,rh,Chamfer Distance,,0.7659620285785289,
csrf,227432,white,rh,Chamfer Distance,,0.7732798261038756,
csrf,212015,white,rh,Chamfer Distance,,0.7633137373490939,
csrf,201111,white,rh,Chamfer Distance,,0.7599029161174282,
csrf,200210,white,rh,Chamfer Distance,,0.7726041949265967,
csrf,203923,white,lh,Self-Intersections (SIF),,-1,247882
csrf,285345,white,rh,Self-Intersections (SIF),,-1,215394
csrf,214423,white,lh,Self-Intersections (SIF),,-1,290485
csrf,201717,white,lh,Self-Intersections (SIF),,-1,258351
csrf,257542,white,rh,Chamfer Distance,,0.7605773752126554,
csrf,231928,white,rh,Self-Intersections (SIF),,-1,216001
csrf,203721,white,rh,Self-Intersections (SIF),,-1,210703
csrf,210617,white,rh,Self-Intersections (SIF),,-1,244634
csrf,206222,white,lh,Self-Intersections (SIF),,-1,249123
csrf,204319,white,rh,Hausdorff Distance,,4.846947014561953,
csrf,204016,white,rh,Hausdorff Distance,,3.6121413939703686,
csrf,211114,white,rh,Chamfer Distance,,0.7702817504874033,
csrf,214524,white,rh,Chamfer Distance,,0.7523569962283929,
csrf,223929,white,lh,Self-Intersections (SIF),,-1,326713
csrf,248339,white,rh,Hausdorff Distance,,3.63290621071852,
csrf,202113,white,rh,Hausdorff Distance,,5.381167189801095,
csrf,239944,white,rh,Self-Intersections (SIF),,-1,232030
csrf,209228,white,rh,Hausdorff Distance,,3.141796704036708,
csrf,201515,white,rh,Self-Intersections (SIF),,-1,247976
csrf,251833,white,lh,Self-Intersections (SIF),,-1,263936
csrf,245333,white,rh,Self-Intersections (SIF),,-1,211937
csrf,233326,white,rh,Self-Intersections (SIF),,-1,258741
csrf,212823,white,rh,Hausdorff Distance,,3.2049875396144816,
csrf,263436,white,rh,Hausdorff Distance,,6.108271711067111,
csrf,204319,white,rh,Self-Intersections (SIF),,-1,264187
csrf,227432,white,rh,Hausdorff Distance,,4.834462984257948,
csrf,248339,white,rh,Self-Intersections (SIF),,-1,239519
csrf,212015,white,rh,Hausdorff Distance,,3.605649215472671,
csrf,201111,white,rh,Hausdorff Distance,,4.157181953761157,
csrf,200210,white,rh,Hausdorff Distance,,5.722931579002223,
csrf,257542,white,rh,Hausdorff Distance,,4.307264275975085,
csrf,204016,white,rh,Self-Intersections (SIF),,-1,240604
csrf,211114,white,rh,Hausdorff Distance,,4.413746916798889,
csrf,212823,white,rh,Self-Intersections (SIF),,-1,248412
csrf,263436,white,rh,Self-Intersections (SIF),,-1,240935
csrf,214524,white,rh,Hausdorff Distance,,6.133825327844151,
csrf,202113,white,rh,Self-Intersections (SIF),,-1,248983
csrf,209228,white,rh,Self-Intersections (SIF),,-1,237941
csrf,227432,white,rh,Self-Intersections (SIF),,-1,231442
csrf,201111,white,rh,Self-Intersections (SIF),,-1,241641
csrf,200210,white,rh,Self-Intersections (SIF),,-1,288055
csrf,212015,white,rh,Self-Intersections (SIF),,-1,255747
csrf,257542,white,rh,Self-Intersections (SIF),,-1,239420
csrf,211114,white,rh,Self-Intersections (SIF),,-1,237519
csrf,214524,white,rh,Self-Intersections (SIF),,-1,248197
csrf,212116,white,rh,Chamfer Distance,,0.7604023939023048,
csrf,200109,white,rh,Chamfer Distance,,0.7564324850883279,
csrf,212116,white,rh,Hausdorff Distance,,3.963621465075465,
csrf,200109,white,rh,Hausdorff Distance,,4.302921638182612,
csrf,212116,white,rh,Self-Intersections (SIF),,-1,226605
csrf,200109,white,rh,Self-Intersections (SIF),,-1,239926
csrf,207426,white,rh,Chamfer Distance,,0.749253596889695,
csrf,211720,white,rh,Chamfer Distance,,0.7646331779647946,
csrf,200917,white,rh,Chamfer Distance,,0.7828110197687774,
csrf,211720,white,rh,Hausdorff Distance,,5.062103278146585,
csrf,200917,white,rh,Hausdorff Distance,,7.633892082916897,
csrf,207426,white,rh,Hausdorff Distance,,6.029273689850986,
csrf,211720,white,rh,Self-Intersections (SIF),,-1,268503
csrf,200917,white,rh,Self-Intersections (SIF),,-1,238043
csrf,207426,white,rh,Self-Intersections (SIF),,-1,224571
csrf,257845,white,rh,Chamfer Distance,,0.7492777880964087,
csrf,257845,white,rh,Hausdorff Distance,,3.8699450670366584,
csrf,257845,white,rh,Self-Intersections (SIF),,-1,243546
csrf,202719,white,rh,Chamfer Distance,,0.7354040530827566,
csrf,202719,white,rh,Hausdorff Distance,,3.2444019088970912,
csrf,202719,white,rh,Self-Intersections (SIF),,-1,242506
csrf,205119,white,rh,Chamfer Distance,,0.7844787377940474,
csrf,205119,white,rh,Hausdorff Distance,,3.9737980742185517,
csrf,205119,white,rh,Self-Intersections (SIF),,-1,253449
csrf,208327,white,rh,Chamfer Distance,,0.747452351982137,
csrf,208327,white,rh,Hausdorff Distance,,6.290905070848768,
csrf,208327,white,rh,Self-Intersections (SIF),,-1,294973
csrf,283543,white,rh,Chamfer Distance,,0.750618087027677,
csrf,283543,white,rh,Hausdorff Distance,,4.24744118540134,
csrf,283543,white,rh,Self-Intersections (SIF),,-1,245704
csrf,208125,white,rh,Chamfer Distance,,0.7449139517805539,
csrf,208125,white,rh,Hausdorff Distance,,3.7631914301952283,
csrf,208125,white,rh,Self-Intersections (SIF),,-1,234436
csrf,205826,white,rh,Chamfer Distance,,0.7793199109158384,
csrf,205826,white,rh,Hausdorff Distance,,4.9719882420745005,
csrf,205826,white,rh,Self-Intersections (SIF),,-1,244189
csrf,207628,white,rh,Chamfer Distance,,0.7835802329740248,
csrf,207628,white,rh,Hausdorff Distance,,4.256623314349223,
csrf,207628,white,rh,Self-Intersections (SIF),,-1,258056
csrf,207123,white,rh,Chamfer Distance,,0.7558769922311932,
csrf,207123,white,rh,Hausdorff Distance,,5.43761966288846,
csrf,207123,white,rh,Self-Intersections (SIF),,-1,276483
csrf,200008,white,rh,Chamfer Distance,,0.7480495653393924,
csrf,200008,white,rh,Hausdorff Distance,,2.910512179819959,
csrf,200008,white,rh,Self-Intersections (SIF),,-1,215712
csrf,213421,white,rh,Chamfer Distance,,0.7763902906459944,
csrf,268749,white,rh,Chamfer Distance,,0.7679469335271517,
csrf,268749,white,rh,Hausdorff Distance,,3.7677073232951637,
csrf,268749,white,rh,Self-Intersections (SIF),,-1,281705
csrf,213421,white,rh,Hausdorff Distance,,6.776459179648198,
csrf,213421,white,rh,Self-Intersections (SIF),,-1,251337
csrf,203923,white,rh,Chamfer Distance,,0.7539682428447041,
csrf,203923,white,rh,Hausdorff Distance,,6.187510220059448,
csrf,203923,white,rh,Self-Intersections (SIF),,-1,249270
csrf,201717,white,rh,Chamfer Distance,,0.7636013015938123,
csrf,201717,white,rh,Hausdorff Distance,,7.334121528454203,
csrf,201717,white,rh,Self-Intersections (SIF),,-1,263278
csrf,251833,white,rh,Chamfer Distance,,0.7446297453466499,
csrf,251833,white,rh,Hausdorff Distance,,4.301506950175954,
csrf,251833,white,rh,Self-Intersections (SIF),,-1,270184
csrf,206222,white,rh,Chamfer Distance,,0.757967017761125,
csrf,206222,white,rh,Hausdorff Distance,,3.8228159041349414,
csrf,206222,white,rh,Self-Intersections (SIF),,-1,254067
csrf,270332,white,rh,Chamfer Distance,,0.7727428579225168,
csrf,214423,white,rh,Chamfer Distance,,0.7543951232994904,
csrf,270332,white,rh,Hausdorff Distance,,5.673547687505652,
csrf,214423,white,rh,Hausdorff Distance,,6.074981970954479,
csrf,270332,white,rh,Self-Intersections (SIF),,-1,299824
csrf,214423,white,rh,Self-Intersections (SIF),,-1,293430
csrf,223929,white,rh,Chamfer Distance,,0.7739483723361893,
csrf,223929,white,rh,Hausdorff Distance,,5.655456203098487,
csrf,223929,white,rh,Self-Intersections (SIF),,-1,332965
csrf,293748,pial,lh,Chamfer Distance,,0.860058977309773,
csrf,293748,pial,lh,Hausdorff Distance,,4.819506002812719,
csrf,293748,pial,lh,Self-Intersections (SIF),,-1,195239
csrf,289555,pial,lh,Chamfer Distance,,0.8935488194155283,
csrf,289555,pial,lh,Hausdorff Distance,,7.481411680525291,
csrf,289555,pial,lh,Self-Intersections (SIF),,-1,189131
csrf,297655,pial,lh,Chamfer Distance,,0.9087292501079776,
csrf,297655,pial,lh,Hausdorff Distance,,5.882205670121557,
csrf,297655,pial,lh,Self-Intersections (SIF),,-1,186984
csrf,295146,pial,lh,Chamfer Distance,,0.8827923631394149,
csrf,295146,pial,lh,Hausdorff Distance,,4.698315729705078,
csrf,295146,pial,lh,Self-Intersections (SIF),,-1,215578
csrf,298455,pial,lh,Chamfer Distance,,0.8760417485301324,
csrf,298455,pial,lh,Hausdorff Distance,,6.575237434069572,
csrf,298455,pial,lh,Self-Intersections (SIF),,-1,243413
csrf,287248,pial,lh,Chamfer Distance,,0.8750201022650851,
csrf,287248,pial,lh,Hausdorff Distance,,6.084683635905729,
csrf,287248,pial,lh,Self-Intersections (SIF),,-1,245551
csrf,290136,pial,lh,Chamfer Distance,,0.862714602104985,
csrf,290136,pial,lh,Hausdorff Distance,,5.747087553507913,
csrf,290136,pial,lh,Self-Intersections (SIF),,-1,250585
csrf,299154,pial,lh,Chamfer Distance,,0.9021570250030918,
csrf,299154,pial,lh,Hausdorff Distance,,5.519293424737863,
csrf,299154,pial,lh,Self-Intersections (SIF),,-1,258556
csrf,298051,pial,lh,Chamfer Distance,,0.8495014675802792,
csrf,298051,pial,lh,Hausdorff Distance,,4.829434707625395,
csrf,298051,pial,lh,Self-Intersections (SIF),,-1,260958
csrf,286650,pial,lh,Chamfer Distance,,0.8859027515008124,
csrf,286650,pial,lh,Hausdorff Distance,,7.2088190158590955,
csrf,286650,pial,lh,Self-Intersections (SIF),,-1,254764
csrf,285446,pial,lh,Chamfer Distance,,0.8997192436982743,
csrf,285446,pial,lh,Hausdorff Distance,,5.459164528914239,
csrf,285446,pial,lh,Self-Intersections (SIF),,-1,251767
csrf,293748,pial,rh,Chamfer Distance,,0.8663603515172187,
csrf,293748,pial,rh,Hausdorff Distance,,4.481811650850848,
csrf,293748,pial,rh,Self-Intersections (SIF),,-1,190113
csrf,289555,pial,rh,Chamfer Distance,,0.8634769224061893,
csrf,289555,pial,rh,Hausdorff Distance,,5.219988506576042,
csrf,289555,pial,rh,Self-Intersections (SIF),,-1,188825
csrf,297655,pial,rh,Chamfer Distance,,0.9326359948056315,
csrf,297655,pial,rh,Hausdorff Distance,,5.325538103183443,
csrf,297655,pial,rh,Self-Intersections (SIF),,-1,185087
csrf,295146,pial,rh,Chamfer Distance,,0.9182920760557263,
csrf,295146,pial,rh,Hausdorff Distance,,4.951312219781939,
csrf,295146,pial,rh,Self-Intersections (SIF),,-1,216739
csrf,298455,pial,rh,Chamfer Distance,,0.8750096926355218,
csrf,298455,pial,rh,Hausdorff Distance,,4.466817173181111,
csrf,298455,pial,rh,Self-Intersections (SIF),,-1,243241
csrf,287248,pial,rh,Chamfer Distance,,0.9104199595773719,
csrf,287248,pial,rh,Hausdorff Distance,,5.434252059682277,
csrf,287248,pial,rh,Self-Intersections (SIF),,-1,246157
csrf,290136,pial,rh,Chamfer Distance,,0.8684507935132837,
csrf,290136,pial,rh,Hausdorff Distance,,6.537908542650366,
csrf,290136,pial,rh,Self-Intersections (SIF),,-1,251863
csrf,299154,pial,rh,Chamfer Distance,,0.9241687789746749,
csrf,299154,pial,rh,Hausdorff Distance,,5.41718605396013,
csrf,299154,pial,rh,Self-Intersections (SIF),,-1,255479
csrf,298051,pial,rh,Chamfer Distance,,0.8671381491772014,
csrf,298051,pial,rh,Hausdorff Distance,,6.994032632324499,
csrf,298051,pial,rh,Self-Intersections (SIF),,-1,264915
csrf,289555,white,lh,Chamfer Distance,,0.7670291793254498,
csrf,293748,white,lh,Chamfer Distance,,0.7462451644090282,
csrf,289555,white,lh,Hausdorff Distance,,7.6868614449886605,
csrf,293748,white,lh,Hausdorff Distance,,3.434058383167718,
csrf,289555,white,lh,Self-Intersections (SIF),,-1,188257
csrf,293748,white,lh,Self-Intersections (SIF),,-1,194127
csrf,286650,pial,rh,Chamfer Distance,,0.9308879382666249,
csrf,286650,pial,rh,Hausdorff Distance,,7.3249094007861855,
csrf,286650,pial,rh,Self-Intersections (SIF),,-1,252141
csrf,285446,pial,rh,Chamfer Distance,,0.9118732390768621,
csrf,297655,white,lh,Chamfer Distance,,0.7673376507714001,
csrf,285446,pial,rh,Hausdorff Distance,,4.944310565400572,
csrf,297655,white,lh,Hausdorff Distance,,6.290176387561881,
csrf,285446,pial,rh,Self-Intersections (SIF),,-1,255330
csrf,297655,white,lh,Self-Intersections (SIF),,-1,185134
csrf,295146,white,lh,Chamfer Distance,,0.7550837246948648,
csrf,295146,white,lh,Hausdorff Distance,,3.9818604774939885,
csrf,295146,white,lh,Self-Intersections (SIF),,-1,214617
csrf,298455,white,lh,Chamfer Distance,,0.7421842312211118,
csrf,298455,white,lh,Hausdorff Distance,,3.2080165671788143,
csrf,298455,white,lh,Self-Intersections (SIF),,-1,241994
csrf,293748,white,rh,Chamfer Distance,,0.743419743697076,
csrf,293748,white,rh,Hausdorff Distance,,4.4243462131905735,
csrf,293748,white,rh,Self-Intersections (SIF),,-1,189774
csrf,289555,white,rh,Chamfer Distance,,0.7475029124167641,
csrf,289555,white,rh,Hausdorff Distance,,5.216186086550633,
csrf,287248,white,lh,Chamfer Distance,,0.7580131879486929,
csrf,289555,white,rh,Self-Intersections (SIF),,-1,188810
csrf,287248,white,lh,Hausdorff Distance,,3.54496541341556,
csrf,287248,white,lh,Self-Intersections (SIF),,-1,244709
csrf,290136,white,lh,Chamfer Distance,,0.7554268462072398,
csrf,290136,white,lh,Hausdorff Distance,,6.299969590274754,
csrf,290136,white,lh,Self-Intersections (SIF),,-1,249133
csrf,299154,white,lh,Chamfer Distance,,0.7494849674531514,
csrf,299154,white,lh,Hausdorff Distance,,4.046509801018233,
csrf,299154,white,lh,Self-Intersections (SIF),,-1,258172
csrf,297655,white,rh,Chamfer Distance,,0.7641053408051434,
csrf,297655,white,rh,Hausdorff Distance,,3.4966467721982766,
csrf,297655,white,rh,Self-Intersections (SIF),,-1,184730
csrf,298051,white,lh,Chamfer Distance,,0.7565952140204251,
csrf,298051,white,lh,Hausdorff Distance,,5.065755111134609,
csrf,298051,white,lh,Self-Intersections (SIF),,-1,259744
csrf,286650,white,lh,Chamfer Distance,,0.759063502515073,
csrf,286650,white,lh,Hausdorff Distance,,8.082697343295942,
csrf,286650,white,lh,Self-Intersections (SIF),,-1,253629
csrf,295146,white,rh,Chamfer Distance,,0.7623794408095969,
csrf,295146,white,rh,Hausdorff Distance,,6.046125151426308,
csrf,295146,white,rh,Self-Intersections (SIF),,-1,216808
csrf,285446,white,lh,Chamfer Distance,,0.7633042216642678,
csrf,285446,white,lh,Hausdorff Distance,,4.301232889820792,
csrf,285446,white,lh,Self-Intersections (SIF),,-1,250426
csrf,298455,white,rh,Chamfer Distance,,0.7465821901253369,
csrf,298455,white,rh,Hausdorff Distance,,3.0606912218297584,
csrf,298455,white,rh,Self-Intersections (SIF),,-1,242978
csrf,287248,white,rh,Chamfer Distance,,0.7723477146924888,
csrf,287248,white,rh,Hausdorff Distance,,6.114965424578425,
csrf,287248,white,rh,Self-Intersections (SIF),,-1,245618
csrf,290136,white,rh,Chamfer Distance,,0.7595112996052591,
csrf,290136,white,rh,Hausdorff Distance,,5.628514357458077,
csrf,290136,white,rh,Self-Intersections (SIF),,-1,251351
csrf,299154,white,rh,Chamfer Distance,,0.7536730809610985,
csrf,299154,white,rh,Hausdorff Distance,,4.503562502497441,
csrf,299154,white,rh,Self-Intersections (SIF),,-1,255879
csrf,298051,white,rh,Chamfer Distance,,0.7600447746439296,
csrf,298051,white,rh,Hausdorff Distance,,3.5044926797409075,
csrf,298051,white,rh,Self-Intersections (SIF),,-1,264236
csrf,286650,white,rh,Chamfer Distance,,0.7660367335215768,
csrf,286650,white,rh,Hausdorff Distance,,4.368019432644095,
csrf,286650,white,rh,Self-Intersections (SIF),,-1,253158
csrf,285446,white,rh,Chamfer Distance,,0.7643669222671271,
csrf,285446,white,rh,Hausdorff Distance,,4.468223855426559,
csrf,285446,white,rh,Self-Intersections (SIF),,-1,255073
